workerid,rt,color_other,color_target,n_total,response,n_target,slide_number_in_experiment,count,colorblind,language,enjoyment,gender,age,comments,languages,asses,education,OS,screenH,screenW,Browser,hitid,hittypeid,title,description,keywords,reward,creationtime,assignments,numavailable,numpending,numcomplete,hitstatus,reviewstatus,annotation,assignmentduration,autoapprovaldelay,hitlifetime,viewhit,assignmentid,workerid,assignmentstatus,autoapprovaltime,assignmentaccepttime,assignmentsubmittime,assignmentapprovaltime,assignmentrejecttime,deadline,feedback,reject,Answer.condition,Answer.time_in_minutes,Answer.catch_trials
0,14063,black,white,100,[u'not many'],20,2,english,no,english,1,Male,38,,,Yes,2,Linux,768,1366,Chrome,3R15W654VD141F4XQPN3SBKX1W8QLS,3PS3UFWQYKB837ZFGB6ABPPR05UYRU,Language study,A 15-minute study where you answer checkbox questions,language research tuebingen fun cognitive science university,$0.80,Mo Jun 26 01:45:27 MESZ 2017,5,0,0,5,Reviewable,NotReviewed,1 cond,1800,30000,Mi Jul 26 01:45:27 MESZ 2017,https://requester.mturk.com/mturk/manageHIT?HITId=3R15W654VD141F4XQPN3SBKX1W8QLS,34BBWHLWHBJAIVQ77XUYG46BBAIIWA,0,Approved,Mo Jun 26 10:16:22 MESZ 2017,Mo Jun 26 01:49:25 MESZ 2017,Mo Jun 26 01:56:22 MESZ 2017,Mo Jun 26 10:16:45 MESZ 2017,,,,,{},6.863166666666666,[]
0,11375,white,black,5,[u'some'],2,3,english,no,english,1,Male,38,,,Yes,2,Linux,768,1366,Chrome,3R15W654VD141F4XQPN3SBKX1W8QLS,3PS3UFWQYKB837ZFGB6ABPPR05UYRU,Language study,A 15-minute study where you answer checkbox questions,language research tuebingen fun cognitive science university,$0.80,Mo Jun 26 01:45:27 MESZ 2017,5,0,0,5,Reviewable,NotReviewed,1 cond,1800,30000,Mi Jul 26 01:45:27 MESZ 2017,https://requester.mturk.com/mturk/manageHIT?HITId=3R15W654VD141F4XQPN3SBKX1W8QLS,34BBWHLWHBJAIVQ77XUYG46BBAIIWA,0,Approved,Mo Jun 26 10:16:22 MESZ 2017,Mo Jun 26 01:49:25 MESZ 2017,Mo Jun 26 01:56:22 MESZ 2017,Mo Jun 26 10:16:45 MESZ 2017,,,,,{},6.863166666666666,[]
0,18594,white,black,5,"[u'more', u'most', u'several']",3,4,english,no,english,1,Male,38,,,Yes,2,Linux,768,1366,Chrome,3R15W654VD141F4XQPN3SBKX1W8QLS,3PS3UFWQYKB837ZFGB6ABPPR05UYRU,Language study,A 15-minute study where you answer checkbox questions,language research tuebingen fun cognitive science university,$0.80,Mo Jun 26 01:45:27 MESZ 2017,5,0,0,5,Reviewable,NotReviewed,1 cond,1800,30000,Mi Jul 26 01:45:27 MESZ 2017,https://requester.mturk.com/mturk/manageHIT?HITId=3R15W654VD141F4XQPN3SBKX1W8QLS,34BBWHLWHBJAIVQ77XUYG46BBAIIWA,0,Approved,Mo Jun 26 10:16:22 MESZ 2017,Mo Jun 26 01:49:25 MESZ 2017,Mo Jun 26 01:56:22 MESZ 2017,Mo Jun 26 10:16:45 MESZ 2017,,,,,{},6.863166666666666,[]
0,18344,black,white,100,"[u'nearly all', u'many', u'almost all']",93,5,english,no,english,1,Male,38,,,Yes,2,Linux,768,1366,Chrome,3R15W654VD141F4XQPN3SBKX1W8QLS,3PS3UFWQYKB837ZFGB6ABPPR05UYRU,Language study,A 15-minute study where you answer checkbox questions,language research tuebingen fun cognitive science university,$0.80,Mo Jun 26 01:45:27 MESZ 2017,5,0,0,5,Reviewable,NotReviewed,1 cond,1800,30000,Mi Jul 26 01:45:27 MESZ 2017,https://requester.mturk.com/mturk/manageHIT?HITId=3R15W654VD141F4XQPN3SBKX1W8QLS,34BBWHLWHBJAIVQ77XUYG46BBAIIWA,0,Approved,Mo Jun 26 10:16:22 MESZ 2017,Mo Jun 26 01:49:25 MESZ 2017,Mo Jun 26 01:56:22 MESZ 2017,Mo Jun 26 10:16:45 MESZ 2017,,,,,{},6.863166666666666,[]
0,19116,white,black,10,"[u'a majority', u'lots']",5,6,english,no,english,1,Male,38,,,Yes,2,Linux,768,1366,Chrome,3R15W654VD141F4XQPN3SBKX1W8QLS,3PS3UFWQYKB837ZFGB6ABPPR05UYRU,Language study,A 15-minute study where you answer checkbox questions,language research tuebingen fun cognitive science university,$0.80,Mo Jun 26 01:45:27 MESZ 2017,5,0,0,5,Reviewable,NotReviewed,1 cond,1800,30000,Mi Jul 26 01:45:27 MESZ 2017,https://requester.mturk.com/mturk/manageHIT?HITId=3R15W654VD141F4XQPN3SBKX1W8QLS,34BBWHLWHBJAIVQ77XUYG46BBAIIWA,0,Approved,Mo Jun 26 10:16:22 MESZ 2017,Mo Jun 26 01:49:25 MESZ 2017,Mo Jun 26 01:56:22 MESZ 2017,Mo Jun 26 10:16:45 MESZ 2017,,,,,{},6.863166666666666,[]
0,11145,black,white,10,"[u'almost all', u'most']",9,7,english,no,english,1,Male,38,,,Yes,2,Linux,768,1366,Chrome,3R15W654VD141F4XQPN3SBKX1W8QLS,3PS3UFWQYKB837ZFGB6ABPPR05UYRU,Language study,A 15-minute study where you answer checkbox questions,language research tuebingen fun cognitive science university,$0.80,Mo Jun 26 01:45:27 MESZ 2017,5,0,0,5,Reviewable,NotReviewed,1 cond,1800,30000,Mi Jul 26 01:45:27 MESZ 2017,https://requester.mturk.com/mturk/manageHIT?HITId=3R15W654VD141F4XQPN3SBKX1W8QLS,34BBWHLWHBJAIVQ77XUYG46BBAIIWA,0,Approved,Mo Jun 26 10:16:22 MESZ 2017,Mo Jun 26 01:49:25 MESZ 2017,Mo Jun 26 01:56:22 MESZ 2017,Mo Jun 26 10:16:45 MESZ 2017,,,,,{},6.863166666666666,[]
0,10045,black,white,5,[u'all'],5,8,english,no,english,1,Male,38,,,Yes,2,Linux,768,1366,Chrome,3R15W654VD141F4XQPN3SBKX1W8QLS,3PS3UFWQYKB837ZFGB6ABPPR05UYRU,Language study,A 15-minute study where you answer checkbox questions,language research tuebingen fun cognitive science university,$0.80,Mo Jun 26 01:45:27 MESZ 2017,5,0,0,5,Reviewable,NotReviewed,1 cond,1800,30000,Mi Jul 26 01:45:27 MESZ 2017,https://requester.mturk.com/mturk/manageHIT?HITId=3R15W654VD141F4XQPN3SBKX1W8QLS,34BBWHLWHBJAIVQ77XUYG46BBAIIWA,0,Approved,Mo Jun 26 10:16:22 MESZ 2017,Mo Jun 26 01:49:25 MESZ 2017,Mo Jun 26 01:56:22 MESZ 2017,Mo Jun 26 10:16:45 MESZ 2017,,,,,{},6.863166666666666,[]
0,18077,white,black,10,"[u'about half', u'a few', u'a small percentage']",4,9,english,no,english,1,Male,38,,,Yes,2,Linux,768,1366,Chrome,3R15W654VD141F4XQPN3SBKX1W8QLS,3PS3UFWQYKB837ZFGB6ABPPR05UYRU,Language study,A 15-minute study where you answer checkbox questions,language research tuebingen fun cognitive science university,$0.80,Mo Jun 26 01:45:27 MESZ 2017,5,0,0,5,Reviewable,NotReviewed,1 cond,1800,30000,Mi Jul 26 01:45:27 MESZ 2017,https://requester.mturk.com/mturk/manageHIT?HITId=3R15W654VD141F4XQPN3SBKX1W8QLS,34BBWHLWHBJAIVQ77XUYG46BBAIIWA,0,Approved,Mo Jun 26 10:16:22 MESZ 2017,Mo Jun 26 01:49:25 MESZ 2017,Mo Jun 26 01:56:22 MESZ 2017,Mo Jun 26 10:16:45 MESZ 2017,,,,,{},6.863166666666666,[]
0,17732,white,black,100,"[u'few', u'some', u'a small percentage']",24,10,english,no,english,1,Male,38,,,Yes,2,Linux,768,1366,Chrome,3R15W654VD141F4XQPN3SBKX1W8QLS,3PS3UFWQYKB837ZFGB6ABPPR05UYRU,Language study,A 15-minute study where you answer checkbox questions,language research tuebingen fun cognitive science university,$0.80,Mo Jun 26 01:45:27 MESZ 2017,5,0,0,5,Reviewable,NotReviewed,1 cond,1800,30000,Mi Jul 26 01:45:27 MESZ 2017,https://requester.mturk.com/mturk/manageHIT?HITId=3R15W654VD141F4XQPN3SBKX1W8QLS,34BBWHLWHBJAIVQ77XUYG46BBAIIWA,0,Approved,Mo Jun 26 10:16:22 MESZ 2017,Mo Jun 26 01:49:25 MESZ 2017,Mo Jun 26 01:56:22 MESZ 2017,Mo Jun 26 10:16:45 MESZ 2017,,,,,{},6.863166666666666,[]
0,9984,black,white,5,"[u'a lot', u'almost all', u'most']",4,11,english,no,english,1,Male,38,,,Yes,2,Linux,768,1366,Chrome,3R15W654VD141F4XQPN3SBKX1W8QLS,3PS3UFWQYKB837ZFGB6ABPPR05UYRU,Language study,A 15-minute study where you answer checkbox questions,language research tuebingen fun cognitive science university,$0.80,Mo Jun 26 01:45:27 MESZ 2017,5,0,0,5,Reviewable,NotReviewed,1 cond,1800,30000,Mi Jul 26 01:45:27 MESZ 2017,https://requester.mturk.com/mturk/manageHIT?HITId=3R15W654VD141F4XQPN3SBKX1W8QLS,34BBWHLWHBJAIVQ77XUYG46BBAIIWA,0,Approved,Mo Jun 26 10:16:22 MESZ 2017,Mo Jun 26 01:49:25 MESZ 2017,Mo Jun 26 01:56:22 MESZ 2017,Mo Jun 26 10:16:45 MESZ 2017,,,,,{},6.863166666666666,[]
0,26500,black,white,25,"[u'a good deal', u'a majority']",14,12,english,no,english,1,Male,38,,,Yes,2,Linux,768,1366,Chrome,3R15W654VD141F4XQPN3SBKX1W8QLS,3PS3UFWQYKB837ZFGB6ABPPR05UYRU,Language study,A 15-minute study where you answer checkbox questions,language research tuebingen fun cognitive science university,$0.80,Mo Jun 26 01:45:27 MESZ 2017,5,0,0,5,Reviewable,NotReviewed,1 cond,1800,30000,Mi Jul 26 01:45:27 MESZ 2017,https://requester.mturk.com/mturk/manageHIT?HITId=3R15W654VD141F4XQPN3SBKX1W8QLS,34BBWHLWHBJAIVQ77XUYG46BBAIIWA,0,Approved,Mo Jun 26 10:16:22 MESZ 2017,Mo Jun 26 01:49:25 MESZ 2017,Mo Jun 26 01:56:22 MESZ 2017,Mo Jun 26 10:16:45 MESZ 2017,,,,,{},6.863166666666666,[]
0,9908,white,black,100,"[u'most', u'almost all']",66,13,english,no,english,1,Male,38,,,Yes,2,Linux,768,1366,Chrome,3R15W654VD141F4XQPN3SBKX1W8QLS,3PS3UFWQYKB837ZFGB6ABPPR05UYRU,Language study,A 15-minute study where you answer checkbox questions,language research tuebingen fun cognitive science university,$0.80,Mo Jun 26 01:45:27 MESZ 2017,5,0,0,5,Reviewable,NotReviewed,1 cond,1800,30000,Mi Jul 26 01:45:27 MESZ 2017,https://requester.mturk.com/mturk/manageHIT?HITId=3R15W654VD141F4XQPN3SBKX1W8QLS,34BBWHLWHBJAIVQ77XUYG46BBAIIWA,0,Approved,Mo Jun 26 10:16:22 MESZ 2017,Mo Jun 26 01:49:25 MESZ 2017,Mo Jun 26 01:56:22 MESZ 2017,Mo Jun 26 10:16:45 MESZ 2017,,,,,{},6.863166666666666,[]
0,9036,black,white,5,[u'none'],0,14,english,no,english,1,Male,38,,,Yes,2,Linux,768,1366,Chrome,3R15W654VD141F4XQPN3SBKX1W8QLS,3PS3UFWQYKB837ZFGB6ABPPR05UYRU,Language study,A 15-minute study where you answer checkbox questions,language research tuebingen fun cognitive science university,$0.80,Mo Jun 26 01:45:27 MESZ 2017,5,0,0,5,Reviewable,NotReviewed,1 cond,1800,30000,Mi Jul 26 01:45:27 MESZ 2017,https://requester.mturk.com/mturk/manageHIT?HITId=3R15W654VD141F4XQPN3SBKX1W8QLS,34BBWHLWHBJAIVQ77XUYG46BBAIIWA,0,Approved,Mo Jun 26 10:16:22 MESZ 2017,Mo Jun 26 01:49:25 MESZ 2017,Mo Jun 26 01:56:22 MESZ 2017,Mo Jun 26 10:16:45 MESZ 2017,,,,,{},6.863166666666666,[]
0,8201,white,black,5,[u'almost none'],1,15,english,no,english,1,Male,38,,,Yes,2,Linux,768,1366,Chrome,3R15W654VD141F4XQPN3SBKX1W8QLS,3PS3UFWQYKB837ZFGB6ABPPR05UYRU,Language study,A 15-minute study where you answer checkbox questions,language research tuebingen fun cognitive science university,$0.80,Mo Jun 26 01:45:27 MESZ 2017,5,0,0,5,Reviewable,NotReviewed,1 cond,1800,30000,Mi Jul 26 01:45:27 MESZ 2017,https://requester.mturk.com/mturk/manageHIT?HITId=3R15W654VD141F4XQPN3SBKX1W8QLS,34BBWHLWHBJAIVQ77XUYG46BBAIIWA,0,Approved,Mo Jun 26 10:16:22 MESZ 2017,Mo Jun 26 01:49:25 MESZ 2017,Mo Jun 26 01:56:22 MESZ 2017,Mo Jun 26 10:16:45 MESZ 2017,,,,,{},6.863166666666666,[]
0,10690,white,black,100,"[u'few', u'very few']",9,16,english,no,english,1,Male,38,,,Yes,2,Linux,768,1366,Chrome,3R15W654VD141F4XQPN3SBKX1W8QLS,3PS3UFWQYKB837ZFGB6ABPPR05UYRU,Language study,A 15-minute study where you answer checkbox questions,language research tuebingen fun cognitive science university,$0.80,Mo Jun 26 01:45:27 MESZ 2017,5,0,0,5,Reviewable,NotReviewed,1 cond,1800,30000,Mi Jul 26 01:45:27 MESZ 2017,https://requester.mturk.com/mturk/manageHIT?HITId=3R15W654VD141F4XQPN3SBKX1W8QLS,34BBWHLWHBJAIVQ77XUYG46BBAIIWA,0,Approved,Mo Jun 26 10:16:22 MESZ 2017,Mo Jun 26 01:49:25 MESZ 2017,Mo Jun 26 01:56:22 MESZ 2017,Mo Jun 26 10:16:45 MESZ 2017,,,,,{},6.863166666666666,[]
0,9730,white,black,100,[u'the majority'],76,17,english,no,english,1,Male,38,,,Yes,2,Linux,768,1366,Chrome,3R15W654VD141F4XQPN3SBKX1W8QLS,3PS3UFWQYKB837ZFGB6ABPPR05UYRU,Language study,A 15-minute study where you answer checkbox questions,language research tuebingen fun cognitive science university,$0.80,Mo Jun 26 01:45:27 MESZ 2017,5,0,0,5,Reviewable,NotReviewed,1 cond,1800,30000,Mi Jul 26 01:45:27 MESZ 2017,https://requester.mturk.com/mturk/manageHIT?HITId=3R15W654VD141F4XQPN3SBKX1W8QLS,34BBWHLWHBJAIVQ77XUYG46BBAIIWA,0,Approved,Mo Jun 26 10:16:22 MESZ 2017,Mo Jun 26 01:49:25 MESZ 2017,Mo Jun 26 01:56:22 MESZ 2017,Mo Jun 26 10:16:45 MESZ 2017,,,,,{},6.863166666666666,[]
0,8482,black,white,25,"[u'few', u'a small percentage', u'some']",7,18,english,no,english,1,Male,38,,,Yes,2,Linux,768,1366,Chrome,3R15W654VD141F4XQPN3SBKX1W8QLS,3PS3UFWQYKB837ZFGB6ABPPR05UYRU,Language study,A 15-minute study where you answer checkbox questions,language research tuebingen fun cognitive science university,$0.80,Mo Jun 26 01:45:27 MESZ 2017,5,0,0,5,Reviewable,NotReviewed,1 cond,1800,30000,Mi Jul 26 01:45:27 MESZ 2017,https://requester.mturk.com/mturk/manageHIT?HITId=3R15W654VD141F4XQPN3SBKX1W8QLS,34BBWHLWHBJAIVQ77XUYG46BBAIIWA,0,Approved,Mo Jun 26 10:16:22 MESZ 2017,Mo Jun 26 01:49:25 MESZ 2017,Mo Jun 26 01:56:22 MESZ 2017,Mo Jun 26 10:16:45 MESZ 2017,,,,,{},6.863166666666666,[]
0,12814,white,black,10,"[u'most', u'a good deal', u'the majority', u'a lot']",8,19,english,no,english,1,Male,38,,,Yes,2,Linux,768,1366,Chrome,3R15W654VD141F4XQPN3SBKX1W8QLS,3PS3UFWQYKB837ZFGB6ABPPR05UYRU,Language study,A 15-minute study where you answer checkbox questions,language research tuebingen fun cognitive science university,$0.80,Mo Jun 26 01:45:27 MESZ 2017,5,0,0,5,Reviewable,NotReviewed,1 cond,1800,30000,Mi Jul 26 01:45:27 MESZ 2017,https://requester.mturk.com/mturk/manageHIT?HITId=3R15W654VD141F4XQPN3SBKX1W8QLS,34BBWHLWHBJAIVQ77XUYG46BBAIIWA,0,Approved,Mo Jun 26 10:16:22 MESZ 2017,Mo Jun 26 01:49:25 MESZ 2017,Mo Jun 26 01:56:22 MESZ 2017,Mo Jun 26 10:16:45 MESZ 2017,,,,,{},6.863166666666666,[]
0,16811,black,white,100,"[u'not many', u'half', u'a few']",54,20,english,no,english,1,Male,38,,,Yes,2,Linux,768,1366,Chrome,3R15W654VD141F4XQPN3SBKX1W8QLS,3PS3UFWQYKB837ZFGB6ABPPR05UYRU,Language study,A 15-minute study where you answer checkbox questions,language research tuebingen fun cognitive science university,$0.80,Mo Jun 26 01:45:27 MESZ 2017,5,0,0,5,Reviewable,NotReviewed,1 cond,1800,30000,Mi Jul 26 01:45:27 MESZ 2017,https://requester.mturk.com/mturk/manageHIT?HITId=3R15W654VD141F4XQPN3SBKX1W8QLS,34BBWHLWHBJAIVQ77XUYG46BBAIIWA,0,Approved,Mo Jun 26 10:16:22 MESZ 2017,Mo Jun 26 01:49:25 MESZ 2017,Mo Jun 26 01:56:22 MESZ 2017,Mo Jun 26 10:16:45 MESZ 2017,,,,,{},6.863166666666666,[]
0,10700,black,white,25,"[u'most', u'a lot']",21,21,english,no,english,1,Male,38,,,Yes,2,Linux,768,1366,Chrome,3R15W654VD141F4XQPN3SBKX1W8QLS,3PS3UFWQYKB837ZFGB6ABPPR05UYRU,Language study,A 15-minute study where you answer checkbox questions,language research tuebingen fun cognitive science university,$0.80,Mo Jun 26 01:45:27 MESZ 2017,5,0,0,5,Reviewable,NotReviewed,1 cond,1800,30000,Mi Jul 26 01:45:27 MESZ 2017,https://requester.mturk.com/mturk/manageHIT?HITId=3R15W654VD141F4XQPN3SBKX1W8QLS,34BBWHLWHBJAIVQ77XUYG46BBAIIWA,0,Approved,Mo Jun 26 10:16:22 MESZ 2017,Mo Jun 26 01:49:25 MESZ 2017,Mo Jun 26 01:56:22 MESZ 2017,Mo Jun 26 10:16:45 MESZ 2017,,,,,{},6.863166666666666,[]
0,21444,black,white,100,"[u'a few', u'not many', u'a small percentage', u'some']",49,22,english,no,english,1,Male,38,,,Yes,2,Linux,768,1366,Chrome,3R15W654VD141F4XQPN3SBKX1W8QLS,3PS3UFWQYKB837ZFGB6ABPPR05UYRU,Language study,A 15-minute study where you answer checkbox questions,language research tuebingen fun cognitive science university,$0.80,Mo Jun 26 01:45:27 MESZ 2017,5,0,0,5,Reviewable,NotReviewed,1 cond,1800,30000,Mi Jul 26 01:45:27 MESZ 2017,https://requester.mturk.com/mturk/manageHIT?HITId=3R15W654VD141F4XQPN3SBKX1W8QLS,34BBWHLWHBJAIVQ77XUYG46BBAIIWA,0,Approved,Mo Jun 26 10:16:22 MESZ 2017,Mo Jun 26 01:49:25 MESZ 2017,Mo Jun 26 01:56:22 MESZ 2017,Mo Jun 26 10:16:45 MESZ 2017,,,,,{},6.863166666666666,[]
0,13649,white,black,10,[u'almost none'],1,23,english,no,english,1,Male,38,,,Yes,2,Linux,768,1366,Chrome,3R15W654VD141F4XQPN3SBKX1W8QLS,3PS3UFWQYKB837ZFGB6ABPPR05UYRU,Language study,A 15-minute study where you answer checkbox questions,language research tuebingen fun cognitive science university,$0.80,Mo Jun 26 01:45:27 MESZ 2017,5,0,0,5,Reviewable,NotReviewed,1 cond,1800,30000,Mi Jul 26 01:45:27 MESZ 2017,https://requester.mturk.com/mturk/manageHIT?HITId=3R15W654VD141F4XQPN3SBKX1W8QLS,34BBWHLWHBJAIVQ77XUYG46BBAIIWA,0,Approved,Mo Jun 26 10:16:22 MESZ 2017,Mo Jun 26 01:49:25 MESZ 2017,Mo Jun 26 01:56:22 MESZ 2017,Mo Jun 26 10:16:45 MESZ 2017,,,,,{},6.863166666666666,[]
0,13762,white,black,100,"[u'about half', u'many', u'lots']",39,24,english,no,english,1,Male,38,,,Yes,2,Linux,768,1366,Chrome,3R15W654VD141F4XQPN3SBKX1W8QLS,3PS3UFWQYKB837ZFGB6ABPPR05UYRU,Language study,A 15-minute study where you answer checkbox questions,language research tuebingen fun cognitive science university,$0.80,Mo Jun 26 01:45:27 MESZ 2017,5,0,0,5,Reviewable,NotReviewed,1 cond,1800,30000,Mi Jul 26 01:45:27 MESZ 2017,https://requester.mturk.com/mturk/manageHIT?HITId=3R15W654VD141F4XQPN3SBKX1W8QLS,34BBWHLWHBJAIVQ77XUYG46BBAIIWA,0,Approved,Mo Jun 26 10:16:22 MESZ 2017,Mo Jun 26 01:49:25 MESZ 2017,Mo Jun 26 01:56:22 MESZ 2017,Mo Jun 26 10:16:45 MESZ 2017,,,,,{},6.863166666666666,[]
0,10565,white,black,100,"[u'more', u'a good deal', u'a lot', u'the majority']",83,25,english,no,english,1,Male,38,,,Yes,2,Linux,768,1366,Chrome,3R15W654VD141F4XQPN3SBKX1W8QLS,3PS3UFWQYKB837ZFGB6ABPPR05UYRU,Language study,A 15-minute study where you answer checkbox questions,language research tuebingen fun cognitive science university,$0.80,Mo Jun 26 01:45:27 MESZ 2017,5,0,0,5,Reviewable,NotReviewed,1 cond,1800,30000,Mi Jul 26 01:45:27 MESZ 2017,https://requester.mturk.com/mturk/manageHIT?HITId=3R15W654VD141F4XQPN3SBKX1W8QLS,34BBWHLWHBJAIVQ77XUYG46BBAIIWA,0,Approved,Mo Jun 26 10:16:22 MESZ 2017,Mo Jun 26 01:49:25 MESZ 2017,Mo Jun 26 01:56:22 MESZ 2017,Mo Jun 26 10:16:45 MESZ 2017,,,,,{},6.863166666666666,[]
0,16632,black,white,25,[u'most'],20,26,english,no,english,1,Male,38,,,Yes,2,Linux,768,1366,Chrome,3R15W654VD141F4XQPN3SBKX1W8QLS,3PS3UFWQYKB837ZFGB6ABPPR05UYRU,Language study,A 15-minute study where you answer checkbox questions,language research tuebingen fun cognitive science university,$0.80,Mo Jun 26 01:45:27 MESZ 2017,5,0,0,5,Reviewable,NotReviewed,1 cond,1800,30000,Mi Jul 26 01:45:27 MESZ 2017,https://requester.mturk.com/mturk/manageHIT?HITId=3R15W654VD141F4XQPN3SBKX1W8QLS,34BBWHLWHBJAIVQ77XUYG46BBAIIWA,0,Approved,Mo Jun 26 10:16:22 MESZ 2017,Mo Jun 26 01:49:25 MESZ 2017,Mo Jun 26 01:56:22 MESZ 2017,Mo Jun 26 10:16:45 MESZ 2017,,,,,{},6.863166666666666,[]
0,10460,white,black,25,[u'almost none'],1,27,english,no,english,1,Male,38,,,Yes,2,Linux,768,1366,Chrome,3R15W654VD141F4XQPN3SBKX1W8QLS,3PS3UFWQYKB837ZFGB6ABPPR05UYRU,Language study,A 15-minute study where you answer checkbox questions,language research tuebingen fun cognitive science university,$0.80,Mo Jun 26 01:45:27 MESZ 2017,5,0,0,5,Reviewable,NotReviewed,1 cond,1800,30000,Mi Jul 26 01:45:27 MESZ 2017,https://requester.mturk.com/mturk/manageHIT?HITId=3R15W654VD141F4XQPN3SBKX1W8QLS,34BBWHLWHBJAIVQ77XUYG46BBAIIWA,0,Approved,Mo Jun 26 10:16:22 MESZ 2017,Mo Jun 26 01:49:25 MESZ 2017,Mo Jun 26 01:56:22 MESZ 2017,Mo Jun 26 10:16:45 MESZ 2017,,,,,{},6.863166666666666,[]
1,14054,black,white,10,"[u'quite a few', u'most', u'nearly all']",9,2,english,no,english,1,Male,22,,,Yes,2,Linux,768,1366,Chrome,3R15W654VD141F4XQPN3SBKX1W8QLS,3PS3UFWQYKB837ZFGB6ABPPR05UYRU,Language study,A 15-minute study where you answer checkbox questions,language research tuebingen fun cognitive science university,$0.80,Mo Jun 26 01:45:27 MESZ 2017,5,0,0,5,Reviewable,NotReviewed,1 cond,1800,30000,Mi Jul 26 01:45:27 MESZ 2017,https://requester.mturk.com/mturk/manageHIT?HITId=3R15W654VD141F4XQPN3SBKX1W8QLS,34FNN24DCNH2VCQSFETSCSNMHWC5YM,1,Approved,Mo Jun 26 10:16:34 MESZ 2017,Mo Jun 26 01:49:26 MESZ 2017,Mo Jun 26 01:56:34 MESZ 2017,Mo Jun 26 10:16:45 MESZ 2017,,,,,{},7.0104,[]
1,11995,white,black,5,[u'none'],0,3,english,no,english,1,Male,22,,,Yes,2,Linux,768,1366,Chrome,3R15W654VD141F4XQPN3SBKX1W8QLS,3PS3UFWQYKB837ZFGB6ABPPR05UYRU,Language study,A 15-minute study where you answer checkbox questions,language research tuebingen fun cognitive science university,$0.80,Mo Jun 26 01:45:27 MESZ 2017,5,0,0,5,Reviewable,NotReviewed,1 cond,1800,30000,Mi Jul 26 01:45:27 MESZ 2017,https://requester.mturk.com/mturk/manageHIT?HITId=3R15W654VD141F4XQPN3SBKX1W8QLS,34FNN24DCNH2VCQSFETSCSNMHWC5YM,1,Approved,Mo Jun 26 10:16:34 MESZ 2017,Mo Jun 26 01:49:26 MESZ 2017,Mo Jun 26 01:56:34 MESZ 2017,Mo Jun 26 10:16:45 MESZ 2017,,,,,{},7.0104,[]
1,13901,white,black,100,"[u'most', u'almost all', u'the majority', u'a lot', u'nearly all']",95,4,english,no,english,1,Male,22,,,Yes,2,Linux,768,1366,Chrome,3R15W654VD141F4XQPN3SBKX1W8QLS,3PS3UFWQYKB837ZFGB6ABPPR05UYRU,Language study,A 15-minute study where you answer checkbox questions,language research tuebingen fun cognitive science university,$0.80,Mo Jun 26 01:45:27 MESZ 2017,5,0,0,5,Reviewable,NotReviewed,1 cond,1800,30000,Mi Jul 26 01:45:27 MESZ 2017,https://requester.mturk.com/mturk/manageHIT?HITId=3R15W654VD141F4XQPN3SBKX1W8QLS,34FNN24DCNH2VCQSFETSCSNMHWC5YM,1,Approved,Mo Jun 26 10:16:34 MESZ 2017,Mo Jun 26 01:49:26 MESZ 2017,Mo Jun 26 01:56:34 MESZ 2017,Mo Jun 26 10:16:45 MESZ 2017,,,,,{},7.0104,[]
1,16083,black,white,5,"[u'nearly all', u'most', u'a good deal', u'a majority', u'more']",4,5,english,no,english,1,Male,22,,,Yes,2,Linux,768,1366,Chrome,3R15W654VD141F4XQPN3SBKX1W8QLS,3PS3UFWQYKB837ZFGB6ABPPR05UYRU,Language study,A 15-minute study where you answer checkbox questions,language research tuebingen fun cognitive science university,$0.80,Mo Jun 26 01:45:27 MESZ 2017,5,0,0,5,Reviewable,NotReviewed,1 cond,1800,30000,Mi Jul 26 01:45:27 MESZ 2017,https://requester.mturk.com/mturk/manageHIT?HITId=3R15W654VD141F4XQPN3SBKX1W8QLS,34FNN24DCNH2VCQSFETSCSNMHWC5YM,1,Approved,Mo Jun 26 10:16:34 MESZ 2017,Mo Jun 26 01:49:26 MESZ 2017,Mo Jun 26 01:56:34 MESZ 2017,Mo Jun 26 10:16:45 MESZ 2017,,,,,{},7.0104,[]
1,11873,black,white,100,"[u'few', u'some', u'very few', u'a small amount']",29,6,english,no,english,1,Male,22,,,Yes,2,Linux,768,1366,Chrome,3R15W654VD141F4XQPN3SBKX1W8QLS,3PS3UFWQYKB837ZFGB6ABPPR05UYRU,Language study,A 15-minute study where you answer checkbox questions,language research tuebingen fun cognitive science university,$0.80,Mo Jun 26 01:45:27 MESZ 2017,5,0,0,5,Reviewable,NotReviewed,1 cond,1800,30000,Mi Jul 26 01:45:27 MESZ 2017,https://requester.mturk.com/mturk/manageHIT?HITId=3R15W654VD141F4XQPN3SBKX1W8QLS,34FNN24DCNH2VCQSFETSCSNMHWC5YM,1,Approved,Mo Jun 26 10:16:34 MESZ 2017,Mo Jun 26 01:49:26 MESZ 2017,Mo Jun 26 01:56:34 MESZ 2017,Mo Jun 26 10:16:45 MESZ 2017,,,,,{},7.0104,[]
1,8757,black,white,5,[u'all'],5,7,english,no,english,1,Male,22,,,Yes,2,Linux,768,1366,Chrome,3R15W654VD141F4XQPN3SBKX1W8QLS,3PS3UFWQYKB837ZFGB6ABPPR05UYRU,Language study,A 15-minute study where you answer checkbox questions,language research tuebingen fun cognitive science university,$0.80,Mo Jun 26 01:45:27 MESZ 2017,5,0,0,5,Reviewable,NotReviewed,1 cond,1800,30000,Mi Jul 26 01:45:27 MESZ 2017,https://requester.mturk.com/mturk/manageHIT?HITId=3R15W654VD141F4XQPN3SBKX1W8QLS,34FNN24DCNH2VCQSFETSCSNMHWC5YM,1,Approved,Mo Jun 26 10:16:34 MESZ 2017,Mo Jun 26 01:49:26 MESZ 2017,Mo Jun 26 01:56:34 MESZ 2017,Mo Jun 26 10:16:45 MESZ 2017,,,,,{},7.0104,[]
1,22029,black,white,25,"[u'few', u'many', u'some', u'a good deal']",15,8,english,no,english,1,Male,22,,,Yes,2,Linux,768,1366,Chrome,3R15W654VD141F4XQPN3SBKX1W8QLS,3PS3UFWQYKB837ZFGB6ABPPR05UYRU,Language study,A 15-minute study where you answer checkbox questions,language research tuebingen fun cognitive science university,$0.80,Mo Jun 26 01:45:27 MESZ 2017,5,0,0,5,Reviewable,NotReviewed,1 cond,1800,30000,Mi Jul 26 01:45:27 MESZ 2017,https://requester.mturk.com/mturk/manageHIT?HITId=3R15W654VD141F4XQPN3SBKX1W8QLS,34FNN24DCNH2VCQSFETSCSNMHWC5YM,1,Approved,Mo Jun 26 10:16:34 MESZ 2017,Mo Jun 26 01:49:26 MESZ 2017,Mo Jun 26 01:56:34 MESZ 2017,Mo Jun 26 10:16:45 MESZ 2017,,,,,{},7.0104,[]
1,10744,black,white,100,"[u'a couple', u'some', u'a few', u'several']",13,9,english,no,english,1,Male,22,,,Yes,2,Linux,768,1366,Chrome,3R15W654VD141F4XQPN3SBKX1W8QLS,3PS3UFWQYKB837ZFGB6ABPPR05UYRU,Language study,A 15-minute study where you answer checkbox questions,language research tuebingen fun cognitive science university,$0.80,Mo Jun 26 01:45:27 MESZ 2017,5,0,0,5,Reviewable,NotReviewed,1 cond,1800,30000,Mi Jul 26 01:45:27 MESZ 2017,https://requester.mturk.com/mturk/manageHIT?HITId=3R15W654VD141F4XQPN3SBKX1W8QLS,34FNN24DCNH2VCQSFETSCSNMHWC5YM,1,Approved,Mo Jun 26 10:16:34 MESZ 2017,Mo Jun 26 01:49:26 MESZ 2017,Mo Jun 26 01:56:34 MESZ 2017,Mo Jun 26 10:16:45 MESZ 2017,,,,,{},7.0104,[]
1,15280,white,black,100,"[u'half', u'about half', u'quite a few']",57,10,english,no,english,1,Male,22,,,Yes,2,Linux,768,1366,Chrome,3R15W654VD141F4XQPN3SBKX1W8QLS,3PS3UFWQYKB837ZFGB6ABPPR05UYRU,Language study,A 15-minute study where you answer checkbox questions,language research tuebingen fun cognitive science university,$0.80,Mo Jun 26 01:45:27 MESZ 2017,5,0,0,5,Reviewable,NotReviewed,1 cond,1800,30000,Mi Jul 26 01:45:27 MESZ 2017,https://requester.mturk.com/mturk/manageHIT?HITId=3R15W654VD141F4XQPN3SBKX1W8QLS,34FNN24DCNH2VCQSFETSCSNMHWC5YM,1,Approved,Mo Jun 26 10:16:34 MESZ 2017,Mo Jun 26 01:49:26 MESZ 2017,Mo Jun 26 01:56:34 MESZ 2017,Mo Jun 26 10:16:45 MESZ 2017,,,,,{},7.0104,[]
1,19684,white,black,100,"[u'about half', u'a lot', u'a good deal', u'some']",42,11,english,no,english,1,Male,22,,,Yes,2,Linux,768,1366,Chrome,3R15W654VD141F4XQPN3SBKX1W8QLS,3PS3UFWQYKB837ZFGB6ABPPR05UYRU,Language study,A 15-minute study where you answer checkbox questions,language research tuebingen fun cognitive science university,$0.80,Mo Jun 26 01:45:27 MESZ 2017,5,0,0,5,Reviewable,NotReviewed,1 cond,1800,30000,Mi Jul 26 01:45:27 MESZ 2017,https://requester.mturk.com/mturk/manageHIT?HITId=3R15W654VD141F4XQPN3SBKX1W8QLS,34FNN24DCNH2VCQSFETSCSNMHWC5YM,1,Approved,Mo Jun 26 10:16:34 MESZ 2017,Mo Jun 26 01:49:26 MESZ 2017,Mo Jun 26 01:56:34 MESZ 2017,Mo Jun 26 10:16:45 MESZ 2017,,,,,{},7.0104,[]
1,15879,black,white,5,"[u'greater', u'quite a few', u'most', u'lots', u'more']",3,12,english,no,english,1,Male,22,,,Yes,2,Linux,768,1366,Chrome,3R15W654VD141F4XQPN3SBKX1W8QLS,3PS3UFWQYKB837ZFGB6ABPPR05UYRU,Language study,A 15-minute study where you answer checkbox questions,language research tuebingen fun cognitive science university,$0.80,Mo Jun 26 01:45:27 MESZ 2017,5,0,0,5,Reviewable,NotReviewed,1 cond,1800,30000,Mi Jul 26 01:45:27 MESZ 2017,https://requester.mturk.com/mturk/manageHIT?HITId=3R15W654VD141F4XQPN3SBKX1W8QLS,34FNN24DCNH2VCQSFETSCSNMHWC5YM,1,Approved,Mo Jun 26 10:16:34 MESZ 2017,Mo Jun 26 01:49:26 MESZ 2017,Mo Jun 26 01:56:34 MESZ 2017,Mo Jun 26 10:16:45 MESZ 2017,,,,,{},7.0104,[]
1,21170,black,white,10,"[u'a majority', u'several', u'most', u'greater']",8,13,english,no,english,1,Male,22,,,Yes,2,Linux,768,1366,Chrome,3R15W654VD141F4XQPN3SBKX1W8QLS,3PS3UFWQYKB837ZFGB6ABPPR05UYRU,Language study,A 15-minute study where you answer checkbox questions,language research tuebingen fun cognitive science university,$0.80,Mo Jun 26 01:45:27 MESZ 2017,5,0,0,5,Reviewable,NotReviewed,1 cond,1800,30000,Mi Jul 26 01:45:27 MESZ 2017,https://requester.mturk.com/mturk/manageHIT?HITId=3R15W654VD141F4XQPN3SBKX1W8QLS,34FNN24DCNH2VCQSFETSCSNMHWC5YM,1,Approved,Mo Jun 26 10:16:34 MESZ 2017,Mo Jun 26 01:49:26 MESZ 2017,Mo Jun 26 01:56:34 MESZ 2017,Mo Jun 26 10:16:45 MESZ 2017,,,,,{},7.0104,[]
1,9482,white,black,100,"[u'a lot', u'greater', u'a good deal', u'more than half', u'most']",69,14,english,no,english,1,Male,22,,,Yes,2,Linux,768,1366,Chrome,3R15W654VD141F4XQPN3SBKX1W8QLS,3PS3UFWQYKB837ZFGB6ABPPR05UYRU,Language study,A 15-minute study where you answer checkbox questions,language research tuebingen fun cognitive science university,$0.80,Mo Jun 26 01:45:27 MESZ 2017,5,0,0,5,Reviewable,NotReviewed,1 cond,1800,30000,Mi Jul 26 01:45:27 MESZ 2017,https://requester.mturk.com/mturk/manageHIT?HITId=3R15W654VD141F4XQPN3SBKX1W8QLS,34FNN24DCNH2VCQSFETSCSNMHWC5YM,1,Approved,Mo Jun 26 10:16:34 MESZ 2017,Mo Jun 26 01:49:26 MESZ 2017,Mo Jun 26 01:56:34 MESZ 2017,Mo Jun 26 10:16:45 MESZ 2017,,,,,{},7.0104,[]
1,10563,black,white,100,"[u'a majority', u'quite a few', u'many', u'most']",86,15,english,no,english,1,Male,22,,,Yes,2,Linux,768,1366,Chrome,3R15W654VD141F4XQPN3SBKX1W8QLS,3PS3UFWQYKB837ZFGB6ABPPR05UYRU,Language study,A 15-minute study where you answer checkbox questions,language research tuebingen fun cognitive science university,$0.80,Mo Jun 26 01:45:27 MESZ 2017,5,0,0,5,Reviewable,NotReviewed,1 cond,1800,30000,Mi Jul 26 01:45:27 MESZ 2017,https://requester.mturk.com/mturk/manageHIT?HITId=3R15W654VD141F4XQPN3SBKX1W8QLS,34FNN24DCNH2VCQSFETSCSNMHWC5YM,1,Approved,Mo Jun 26 10:16:34 MESZ 2017,Mo Jun 26 01:49:26 MESZ 2017,Mo Jun 26 01:56:34 MESZ 2017,Mo Jun 26 10:16:45 MESZ 2017,,,,,{},7.0104,[]
1,12849,black,white,5,"[u'very few', u'a few', u'a minority', u'less', u'less than half', u'not many']",2,16,english,no,english,1,Male,22,,,Yes,2,Linux,768,1366,Chrome,3R15W654VD141F4XQPN3SBKX1W8QLS,3PS3UFWQYKB837ZFGB6ABPPR05UYRU,Language study,A 15-minute study where you answer checkbox questions,language research tuebingen fun cognitive science university,$0.80,Mo Jun 26 01:45:27 MESZ 2017,5,0,0,5,Reviewable,NotReviewed,1 cond,1800,30000,Mi Jul 26 01:45:27 MESZ 2017,https://requester.mturk.com/mturk/manageHIT?HITId=3R15W654VD141F4XQPN3SBKX1W8QLS,34FNN24DCNH2VCQSFETSCSNMHWC5YM,1,Approved,Mo Jun 26 10:16:34 MESZ 2017,Mo Jun 26 01:49:26 MESZ 2017,Mo Jun 26 01:56:34 MESZ 2017,Mo Jun 26 10:16:45 MESZ 2017,,,,,{},7.0104,[]
1,10972,black,white,10,"[u'not many', u'few', u'a small percentage', u'some']",3,17,english,no,english,1,Male,22,,,Yes,2,Linux,768,1366,Chrome,3R15W654VD141F4XQPN3SBKX1W8QLS,3PS3UFWQYKB837ZFGB6ABPPR05UYRU,Language study,A 15-minute study where you answer checkbox questions,language research tuebingen fun cognitive science university,$0.80,Mo Jun 26 01:45:27 MESZ 2017,5,0,0,5,Reviewable,NotReviewed,1 cond,1800,30000,Mi Jul 26 01:45:27 MESZ 2017,https://requester.mturk.com/mturk/manageHIT?HITId=3R15W654VD141F4XQPN3SBKX1W8QLS,34FNN24DCNH2VCQSFETSCSNMHWC5YM,1,Approved,Mo Jun 26 10:16:34 MESZ 2017,Mo Jun 26 01:49:26 MESZ 2017,Mo Jun 26 01:56:34 MESZ 2017,Mo Jun 26 10:16:45 MESZ 2017,,,,,{},7.0104,[]
1,12874,black,white,100,"[u'less than half', u'a few', u'some']",35,18,english,no,english,1,Male,22,,,Yes,2,Linux,768,1366,Chrome,3R15W654VD141F4XQPN3SBKX1W8QLS,3PS3UFWQYKB837ZFGB6ABPPR05UYRU,Language study,A 15-minute study where you answer checkbox questions,language research tuebingen fun cognitive science university,$0.80,Mo Jun 26 01:45:27 MESZ 2017,5,0,0,5,Reviewable,NotReviewed,1 cond,1800,30000,Mi Jul 26 01:45:27 MESZ 2017,https://requester.mturk.com/mturk/manageHIT?HITId=3R15W654VD141F4XQPN3SBKX1W8QLS,34FNN24DCNH2VCQSFETSCSNMHWC5YM,1,Approved,Mo Jun 26 10:16:34 MESZ 2017,Mo Jun 26 01:49:26 MESZ 2017,Mo Jun 26 01:56:34 MESZ 2017,Mo Jun 26 10:16:45 MESZ 2017,,,,,{},7.0104,[]
1,18452,black,white,25,"[u'a small amount', u'a small percentage', u'not many', u'few', u'a few']",4,19,english,no,english,1,Male,22,,,Yes,2,Linux,768,1366,Chrome,3R15W654VD141F4XQPN3SBKX1W8QLS,3PS3UFWQYKB837ZFGB6ABPPR05UYRU,Language study,A 15-minute study where you answer checkbox questions,language research tuebingen fun cognitive science university,$0.80,Mo Jun 26 01:45:27 MESZ 2017,5,0,0,5,Reviewable,NotReviewed,1 cond,1800,30000,Mi Jul 26 01:45:27 MESZ 2017,https://requester.mturk.com/mturk/manageHIT?HITId=3R15W654VD141F4XQPN3SBKX1W8QLS,34FNN24DCNH2VCQSFETSCSNMHWC5YM,1,Approved,Mo Jun 26 10:16:34 MESZ 2017,Mo Jun 26 01:49:26 MESZ 2017,Mo Jun 26 01:56:34 MESZ 2017,Mo Jun 26 10:16:45 MESZ 2017,,,,,{},7.0104,[]
1,34049,black,white,25,"[u'a small amount', u'some']",7,20,english,no,english,1,Male,22,,,Yes,2,Linux,768,1366,Chrome,3R15W654VD141F4XQPN3SBKX1W8QLS,3PS3UFWQYKB837ZFGB6ABPPR05UYRU,Language study,A 15-minute study where you answer checkbox questions,language research tuebingen fun cognitive science university,$0.80,Mo Jun 26 01:45:27 MESZ 2017,5,0,0,5,Reviewable,NotReviewed,1 cond,1800,30000,Mi Jul 26 01:45:27 MESZ 2017,https://requester.mturk.com/mturk/manageHIT?HITId=3R15W654VD141F4XQPN3SBKX1W8QLS,34FNN24DCNH2VCQSFETSCSNMHWC5YM,1,Approved,Mo Jun 26 10:16:34 MESZ 2017,Mo Jun 26 01:49:26 MESZ 2017,Mo Jun 26 01:56:34 MESZ 2017,Mo Jun 26 10:16:45 MESZ 2017,,,,,{},7.0104,[]
1,12574,black,white,100,[u'none'],0,21,english,no,english,1,Male,22,,,Yes,2,Linux,768,1366,Chrome,3R15W654VD141F4XQPN3SBKX1W8QLS,3PS3UFWQYKB837ZFGB6ABPPR05UYRU,Language study,A 15-minute study where you answer checkbox questions,language research tuebingen fun cognitive science university,$0.80,Mo Jun 26 01:45:27 MESZ 2017,5,0,0,5,Reviewable,NotReviewed,1 cond,1800,30000,Mi Jul 26 01:45:27 MESZ 2017,https://requester.mturk.com/mturk/manageHIT?HITId=3R15W654VD141F4XQPN3SBKX1W8QLS,34FNN24DCNH2VCQSFETSCSNMHWC5YM,1,Approved,Mo Jun 26 10:16:34 MESZ 2017,Mo Jun 26 01:49:26 MESZ 2017,Mo Jun 26 01:56:34 MESZ 2017,Mo Jun 26 10:16:45 MESZ 2017,,,,,{},7.0104,[]
1,10026,white,black,25,"[u'a lot', u'more than half', u'a good deal', u'most']",21,22,english,no,english,1,Male,22,,,Yes,2,Linux,768,1366,Chrome,3R15W654VD141F4XQPN3SBKX1W8QLS,3PS3UFWQYKB837ZFGB6ABPPR05UYRU,Language study,A 15-minute study where you answer checkbox questions,language research tuebingen fun cognitive science university,$0.80,Mo Jun 26 01:45:27 MESZ 2017,5,0,0,5,Reviewable,NotReviewed,1 cond,1800,30000,Mi Jul 26 01:45:27 MESZ 2017,https://requester.mturk.com/mturk/manageHIT?HITId=3R15W654VD141F4XQPN3SBKX1W8QLS,34FNN24DCNH2VCQSFETSCSNMHWC5YM,1,Approved,Mo Jun 26 10:16:34 MESZ 2017,Mo Jun 26 01:49:26 MESZ 2017,Mo Jun 26 01:56:34 MESZ 2017,Mo Jun 26 10:16:45 MESZ 2017,,,,,{},7.0104,[]
1,14464,black,white,10,[u'half'],5,23,english,no,english,1,Male,22,,,Yes,2,Linux,768,1366,Chrome,3R15W654VD141F4XQPN3SBKX1W8QLS,3PS3UFWQYKB837ZFGB6ABPPR05UYRU,Language study,A 15-minute study where you answer checkbox questions,language research tuebingen fun cognitive science university,$0.80,Mo Jun 26 01:45:27 MESZ 2017,5,0,0,5,Reviewable,NotReviewed,1 cond,1800,30000,Mi Jul 26 01:45:27 MESZ 2017,https://requester.mturk.com/mturk/manageHIT?HITId=3R15W654VD141F4XQPN3SBKX1W8QLS,34FNN24DCNH2VCQSFETSCSNMHWC5YM,1,Approved,Mo Jun 26 10:16:34 MESZ 2017,Mo Jun 26 01:49:26 MESZ 2017,Mo Jun 26 01:56:34 MESZ 2017,Mo Jun 26 10:16:45 MESZ 2017,,,,,{},7.0104,[]
1,15791,white,black,25,"[u'quite a few', u'more than half', u'greater', u'most']",17,24,english,no,english,1,Male,22,,,Yes,2,Linux,768,1366,Chrome,3R15W654VD141F4XQPN3SBKX1W8QLS,3PS3UFWQYKB837ZFGB6ABPPR05UYRU,Language study,A 15-minute study where you answer checkbox questions,language research tuebingen fun cognitive science university,$0.80,Mo Jun 26 01:45:27 MESZ 2017,5,0,0,5,Reviewable,NotReviewed,1 cond,1800,30000,Mi Jul 26 01:45:27 MESZ 2017,https://requester.mturk.com/mturk/manageHIT?HITId=3R15W654VD141F4XQPN3SBKX1W8QLS,34FNN24DCNH2VCQSFETSCSNMHWC5YM,1,Approved,Mo Jun 26 10:16:34 MESZ 2017,Mo Jun 26 01:49:26 MESZ 2017,Mo Jun 26 01:56:34 MESZ 2017,Mo Jun 26 10:16:45 MESZ 2017,,,,,{},7.0104,[]
1,14399,white,black,100,"[u'a good deal', u'more than half', u'most', u'lots']",77,25,english,no,english,1,Male,22,,,Yes,2,Linux,768,1366,Chrome,3R15W654VD141F4XQPN3SBKX1W8QLS,3PS3UFWQYKB837ZFGB6ABPPR05UYRU,Language study,A 15-minute study where you answer checkbox questions,language research tuebingen fun cognitive science university,$0.80,Mo Jun 26 01:45:27 MESZ 2017,5,0,0,5,Reviewable,NotReviewed,1 cond,1800,30000,Mi Jul 26 01:45:27 MESZ 2017,https://requester.mturk.com/mturk/manageHIT?HITId=3R15W654VD141F4XQPN3SBKX1W8QLS,34FNN24DCNH2VCQSFETSCSNMHWC5YM,1,Approved,Mo Jun 26 10:16:34 MESZ 2017,Mo Jun 26 01:49:26 MESZ 2017,Mo Jun 26 01:56:34 MESZ 2017,Mo Jun 26 10:16:45 MESZ 2017,,,,,{},7.0104,[]
1,7807,white,black,10,[u'none'],0,26,english,no,english,1,Male,22,,,Yes,2,Linux,768,1366,Chrome,3R15W654VD141F4XQPN3SBKX1W8QLS,3PS3UFWQYKB837ZFGB6ABPPR05UYRU,Language study,A 15-minute study where you answer checkbox questions,language research tuebingen fun cognitive science university,$0.80,Mo Jun 26 01:45:27 MESZ 2017,5,0,0,5,Reviewable,NotReviewed,1 cond,1800,30000,Mi Jul 26 01:45:27 MESZ 2017,https://requester.mturk.com/mturk/manageHIT?HITId=3R15W654VD141F4XQPN3SBKX1W8QLS,34FNN24DCNH2VCQSFETSCSNMHWC5YM,1,Approved,Mo Jun 26 10:16:34 MESZ 2017,Mo Jun 26 01:49:26 MESZ 2017,Mo Jun 26 01:56:34 MESZ 2017,Mo Jun 26 10:16:45 MESZ 2017,,,,,{},7.0104,[]
1,10101,white,black,5,"[u'not many', u'very few']",1,27,english,no,english,1,Male,22,,,Yes,2,Linux,768,1366,Chrome,3R15W654VD141F4XQPN3SBKX1W8QLS,3PS3UFWQYKB837ZFGB6ABPPR05UYRU,Language study,A 15-minute study where you answer checkbox questions,language research tuebingen fun cognitive science university,$0.80,Mo Jun 26 01:45:27 MESZ 2017,5,0,0,5,Reviewable,NotReviewed,1 cond,1800,30000,Mi Jul 26 01:45:27 MESZ 2017,https://requester.mturk.com/mturk/manageHIT?HITId=3R15W654VD141F4XQPN3SBKX1W8QLS,34FNN24DCNH2VCQSFETSCSNMHWC5YM,1,Approved,Mo Jun 26 10:16:34 MESZ 2017,Mo Jun 26 01:49:26 MESZ 2017,Mo Jun 26 01:56:34 MESZ 2017,Mo Jun 26 10:16:45 MESZ 2017,,,,,{},7.0104,[]
2,51612,white,black,100,"[u'almost none', u'less', u'few', u'some', u'a small amount', u'very few', u'a few']",14,2,English,no,English,2,Male,41,Thanks!  Was fun.,na,Yes,3,Windows,768,1360,Chrome,3R15W654VD141F4XQPN3SBKX1W8QLS,3PS3UFWQYKB837ZFGB6ABPPR05UYRU,Language study,A 15-minute study where you answer checkbox questions,language research tuebingen fun cognitive science university,$0.80,Mo Jun 26 01:45:27 MESZ 2017,5,0,0,5,Reviewable,NotReviewed,1 cond,1800,30000,Mi Jul 26 01:45:27 MESZ 2017,https://requester.mturk.com/mturk/manageHIT?HITId=3R15W654VD141F4XQPN3SBKX1W8QLS,33F859I567LIYXHC6OGHTESB1WLBHU,2,Approved,Mo Jun 26 10:19:02 MESZ 2017,Mo Jun 26 01:49:25 MESZ 2017,Mo Jun 26 01:59:02 MESZ 2017,Mo Jun 26 10:19:45 MESZ 2017,,,,,{},9.54655,[]
2,27973,black,white,100,"[u'few', u'several', u'some', u'not many', u'very few']",8,3,English,no,English,2,Male,41,Thanks!  Was fun.,na,Yes,3,Windows,768,1360,Chrome,3R15W654VD141F4XQPN3SBKX1W8QLS,3PS3UFWQYKB837ZFGB6ABPPR05UYRU,Language study,A 15-minute study where you answer checkbox questions,language research tuebingen fun cognitive science university,$0.80,Mo Jun 26 01:45:27 MESZ 2017,5,0,0,5,Reviewable,NotReviewed,1 cond,1800,30000,Mi Jul 26 01:45:27 MESZ 2017,https://requester.mturk.com/mturk/manageHIT?HITId=3R15W654VD141F4XQPN3SBKX1W8QLS,33F859I567LIYXHC6OGHTESB1WLBHU,2,Approved,Mo Jun 26 10:19:02 MESZ 2017,Mo Jun 26 01:49:25 MESZ 2017,Mo Jun 26 01:59:02 MESZ 2017,Mo Jun 26 10:19:45 MESZ 2017,,,,,{},9.54655,[]
2,20843,white,black,100,"[u'many', u'quite a few', u'more', u'most', u'lots', u'the majority']",85,4,English,no,English,2,Male,41,Thanks!  Was fun.,na,Yes,3,Windows,768,1360,Chrome,3R15W654VD141F4XQPN3SBKX1W8QLS,3PS3UFWQYKB837ZFGB6ABPPR05UYRU,Language study,A 15-minute study where you answer checkbox questions,language research tuebingen fun cognitive science university,$0.80,Mo Jun 26 01:45:27 MESZ 2017,5,0,0,5,Reviewable,NotReviewed,1 cond,1800,30000,Mi Jul 26 01:45:27 MESZ 2017,https://requester.mturk.com/mturk/manageHIT?HITId=3R15W654VD141F4XQPN3SBKX1W8QLS,33F859I567LIYXHC6OGHTESB1WLBHU,2,Approved,Mo Jun 26 10:19:02 MESZ 2017,Mo Jun 26 01:49:25 MESZ 2017,Mo Jun 26 01:59:02 MESZ 2017,Mo Jun 26 10:19:45 MESZ 2017,,,,,{},9.54655,[]
2,32247,black,white,25,"[u'a majority', u'more than half', u'most', u'a good deal', u'more', u'greater']",18,5,English,no,English,2,Male,41,Thanks!  Was fun.,na,Yes,3,Windows,768,1360,Chrome,3R15W654VD141F4XQPN3SBKX1W8QLS,3PS3UFWQYKB837ZFGB6ABPPR05UYRU,Language study,A 15-minute study where you answer checkbox questions,language research tuebingen fun cognitive science university,$0.80,Mo Jun 26 01:45:27 MESZ 2017,5,0,0,5,Reviewable,NotReviewed,1 cond,1800,30000,Mi Jul 26 01:45:27 MESZ 2017,https://requester.mturk.com/mturk/manageHIT?HITId=3R15W654VD141F4XQPN3SBKX1W8QLS,33F859I567LIYXHC6OGHTESB1WLBHU,2,Approved,Mo Jun 26 10:19:02 MESZ 2017,Mo Jun 26 01:49:25 MESZ 2017,Mo Jun 26 01:59:02 MESZ 2017,Mo Jun 26 10:19:45 MESZ 2017,,,,,{},9.54655,[]
2,26104,black,white,100,"[u'quite a few', u'a lot', u'half']",71,6,English,no,English,2,Male,41,Thanks!  Was fun.,na,Yes,3,Windows,768,1360,Chrome,3R15W654VD141F4XQPN3SBKX1W8QLS,3PS3UFWQYKB837ZFGB6ABPPR05UYRU,Language study,A 15-minute study where you answer checkbox questions,language research tuebingen fun cognitive science university,$0.80,Mo Jun 26 01:45:27 MESZ 2017,5,0,0,5,Reviewable,NotReviewed,1 cond,1800,30000,Mi Jul 26 01:45:27 MESZ 2017,https://requester.mturk.com/mturk/manageHIT?HITId=3R15W654VD141F4XQPN3SBKX1W8QLS,33F859I567LIYXHC6OGHTESB1WLBHU,2,Approved,Mo Jun 26 10:19:02 MESZ 2017,Mo Jun 26 01:49:25 MESZ 2017,Mo Jun 26 01:59:02 MESZ 2017,Mo Jun 26 10:19:45 MESZ 2017,,,,,{},9.54655,[]
2,15941,black,white,100,"[u'half', u'many']",59,7,English,no,English,2,Male,41,Thanks!  Was fun.,na,Yes,3,Windows,768,1360,Chrome,3R15W654VD141F4XQPN3SBKX1W8QLS,3PS3UFWQYKB837ZFGB6ABPPR05UYRU,Language study,A 15-minute study where you answer checkbox questions,language research tuebingen fun cognitive science university,$0.80,Mo Jun 26 01:45:27 MESZ 2017,5,0,0,5,Reviewable,NotReviewed,1 cond,1800,30000,Mi Jul 26 01:45:27 MESZ 2017,https://requester.mturk.com/mturk/manageHIT?HITId=3R15W654VD141F4XQPN3SBKX1W8QLS,33F859I567LIYXHC6OGHTESB1WLBHU,2,Approved,Mo Jun 26 10:19:02 MESZ 2017,Mo Jun 26 01:49:25 MESZ 2017,Mo Jun 26 01:59:02 MESZ 2017,Mo Jun 26 10:19:45 MESZ 2017,,,,,{},9.54655,[]
2,24738,black,white,10,"[u'not many', u'few']",1,8,English,no,English,2,Male,41,Thanks!  Was fun.,na,Yes,3,Windows,768,1360,Chrome,3R15W654VD141F4XQPN3SBKX1W8QLS,3PS3UFWQYKB837ZFGB6ABPPR05UYRU,Language study,A 15-minute study where you answer checkbox questions,language research tuebingen fun cognitive science university,$0.80,Mo Jun 26 01:45:27 MESZ 2017,5,0,0,5,Reviewable,NotReviewed,1 cond,1800,30000,Mi Jul 26 01:45:27 MESZ 2017,https://requester.mturk.com/mturk/manageHIT?HITId=3R15W654VD141F4XQPN3SBKX1W8QLS,33F859I567LIYXHC6OGHTESB1WLBHU,2,Approved,Mo Jun 26 10:19:02 MESZ 2017,Mo Jun 26 01:49:25 MESZ 2017,Mo Jun 26 01:59:02 MESZ 2017,Mo Jun 26 10:19:45 MESZ 2017,,,,,{},9.54655,[]
2,14284,black,white,100,"[u'a few', u'some']",42,9,English,no,English,2,Male,41,Thanks!  Was fun.,na,Yes,3,Windows,768,1360,Chrome,3R15W654VD141F4XQPN3SBKX1W8QLS,3PS3UFWQYKB837ZFGB6ABPPR05UYRU,Language study,A 15-minute study where you answer checkbox questions,language research tuebingen fun cognitive science university,$0.80,Mo Jun 26 01:45:27 MESZ 2017,5,0,0,5,Reviewable,NotReviewed,1 cond,1800,30000,Mi Jul 26 01:45:27 MESZ 2017,https://requester.mturk.com/mturk/manageHIT?HITId=3R15W654VD141F4XQPN3SBKX1W8QLS,33F859I567LIYXHC6OGHTESB1WLBHU,2,Approved,Mo Jun 26 10:19:02 MESZ 2017,Mo Jun 26 01:49:25 MESZ 2017,Mo Jun 26 01:59:02 MESZ 2017,Mo Jun 26 10:19:45 MESZ 2017,,,,,{},9.54655,[]
2,16524,black,white,10,"[u'most', u'lots', u'a good deal', u'the majority']",7,10,English,no,English,2,Male,41,Thanks!  Was fun.,na,Yes,3,Windows,768,1360,Chrome,3R15W654VD141F4XQPN3SBKX1W8QLS,3PS3UFWQYKB837ZFGB6ABPPR05UYRU,Language study,A 15-minute study where you answer checkbox questions,language research tuebingen fun cognitive science university,$0.80,Mo Jun 26 01:45:27 MESZ 2017,5,0,0,5,Reviewable,NotReviewed,1 cond,1800,30000,Mi Jul 26 01:45:27 MESZ 2017,https://requester.mturk.com/mturk/manageHIT?HITId=3R15W654VD141F4XQPN3SBKX1W8QLS,33F859I567LIYXHC6OGHTESB1WLBHU,2,Approved,Mo Jun 26 10:19:02 MESZ 2017,Mo Jun 26 01:49:25 MESZ 2017,Mo Jun 26 01:59:02 MESZ 2017,Mo Jun 26 10:19:45 MESZ 2017,,,,,{},9.54655,[]
2,14137,black,white,5,[u'none'],0,11,English,no,English,2,Male,41,Thanks!  Was fun.,na,Yes,3,Windows,768,1360,Chrome,3R15W654VD141F4XQPN3SBKX1W8QLS,3PS3UFWQYKB837ZFGB6ABPPR05UYRU,Language study,A 15-minute study where you answer checkbox questions,language research tuebingen fun cognitive science university,$0.80,Mo Jun 26 01:45:27 MESZ 2017,5,0,0,5,Reviewable,NotReviewed,1 cond,1800,30000,Mi Jul 26 01:45:27 MESZ 2017,https://requester.mturk.com/mturk/manageHIT?HITId=3R15W654VD141F4XQPN3SBKX1W8QLS,33F859I567LIYXHC6OGHTESB1WLBHU,2,Approved,Mo Jun 26 10:19:02 MESZ 2017,Mo Jun 26 01:49:25 MESZ 2017,Mo Jun 26 01:59:02 MESZ 2017,Mo Jun 26 10:19:45 MESZ 2017,,,,,{},9.54655,[]
2,15566,black,white,100,"[u'the majority', u'almost all', u'most']",97,12,English,no,English,2,Male,41,Thanks!  Was fun.,na,Yes,3,Windows,768,1360,Chrome,3R15W654VD141F4XQPN3SBKX1W8QLS,3PS3UFWQYKB837ZFGB6ABPPR05UYRU,Language study,A 15-minute study where you answer checkbox questions,language research tuebingen fun cognitive science university,$0.80,Mo Jun 26 01:45:27 MESZ 2017,5,0,0,5,Reviewable,NotReviewed,1 cond,1800,30000,Mi Jul 26 01:45:27 MESZ 2017,https://requester.mturk.com/mturk/manageHIT?HITId=3R15W654VD141F4XQPN3SBKX1W8QLS,33F859I567LIYXHC6OGHTESB1WLBHU,2,Approved,Mo Jun 26 10:19:02 MESZ 2017,Mo Jun 26 01:49:25 MESZ 2017,Mo Jun 26 01:59:02 MESZ 2017,Mo Jun 26 10:19:45 MESZ 2017,,,,,{},9.54655,[]
2,16689,white,black,5,"[u'most', u'more than half', u'greater']",3,13,English,no,English,2,Male,41,Thanks!  Was fun.,na,Yes,3,Windows,768,1360,Chrome,3R15W654VD141F4XQPN3SBKX1W8QLS,3PS3UFWQYKB837ZFGB6ABPPR05UYRU,Language study,A 15-minute study where you answer checkbox questions,language research tuebingen fun cognitive science university,$0.80,Mo Jun 26 01:45:27 MESZ 2017,5,0,0,5,Reviewable,NotReviewed,1 cond,1800,30000,Mi Jul 26 01:45:27 MESZ 2017,https://requester.mturk.com/mturk/manageHIT?HITId=3R15W654VD141F4XQPN3SBKX1W8QLS,33F859I567LIYXHC6OGHTESB1WLBHU,2,Approved,Mo Jun 26 10:19:02 MESZ 2017,Mo Jun 26 01:49:25 MESZ 2017,Mo Jun 26 01:59:02 MESZ 2017,Mo Jun 26 10:19:45 MESZ 2017,,,,,{},9.54655,[]
2,11444,black,white,10,"[u'almost all', u'most']",9,14,English,no,English,2,Male,41,Thanks!  Was fun.,na,Yes,3,Windows,768,1360,Chrome,3R15W654VD141F4XQPN3SBKX1W8QLS,3PS3UFWQYKB837ZFGB6ABPPR05UYRU,Language study,A 15-minute study where you answer checkbox questions,language research tuebingen fun cognitive science university,$0.80,Mo Jun 26 01:45:27 MESZ 2017,5,0,0,5,Reviewable,NotReviewed,1 cond,1800,30000,Mi Jul 26 01:45:27 MESZ 2017,https://requester.mturk.com/mturk/manageHIT?HITId=3R15W654VD141F4XQPN3SBKX1W8QLS,33F859I567LIYXHC6OGHTESB1WLBHU,2,Approved,Mo Jun 26 10:19:02 MESZ 2017,Mo Jun 26 01:49:25 MESZ 2017,Mo Jun 26 01:59:02 MESZ 2017,Mo Jun 26 10:19:45 MESZ 2017,,,,,{},9.54655,[]
2,18883,white,black,100,"[u'a good deal', u'lots', u'many', u'a majority']",68,15,English,no,English,2,Male,41,Thanks!  Was fun.,na,Yes,3,Windows,768,1360,Chrome,3R15W654VD141F4XQPN3SBKX1W8QLS,3PS3UFWQYKB837ZFGB6ABPPR05UYRU,Language study,A 15-minute study where you answer checkbox questions,language research tuebingen fun cognitive science university,$0.80,Mo Jun 26 01:45:27 MESZ 2017,5,0,0,5,Reviewable,NotReviewed,1 cond,1800,30000,Mi Jul 26 01:45:27 MESZ 2017,https://requester.mturk.com/mturk/manageHIT?HITId=3R15W654VD141F4XQPN3SBKX1W8QLS,33F859I567LIYXHC6OGHTESB1WLBHU,2,Approved,Mo Jun 26 10:19:02 MESZ 2017,Mo Jun 26 01:49:25 MESZ 2017,Mo Jun 26 01:59:02 MESZ 2017,Mo Jun 26 10:19:45 MESZ 2017,,,,,{},9.54655,[]
2,17693,black,white,5,[u'almost none'],1,16,English,no,English,2,Male,41,Thanks!  Was fun.,na,Yes,3,Windows,768,1360,Chrome,3R15W654VD141F4XQPN3SBKX1W8QLS,3PS3UFWQYKB837ZFGB6ABPPR05UYRU,Language study,A 15-minute study where you answer checkbox questions,language research tuebingen fun cognitive science university,$0.80,Mo Jun 26 01:45:27 MESZ 2017,5,0,0,5,Reviewable,NotReviewed,1 cond,1800,30000,Mi Jul 26 01:45:27 MESZ 2017,https://requester.mturk.com/mturk/manageHIT?HITId=3R15W654VD141F4XQPN3SBKX1W8QLS,33F859I567LIYXHC6OGHTESB1WLBHU,2,Approved,Mo Jun 26 10:19:02 MESZ 2017,Mo Jun 26 01:49:25 MESZ 2017,Mo Jun 26 01:59:02 MESZ 2017,Mo Jun 26 10:19:45 MESZ 2017,,,,,{},9.54655,[]
2,14351,white,black,25,"[u'greater', u'more than half', u'a good deal']",15,17,English,no,English,2,Male,41,Thanks!  Was fun.,na,Yes,3,Windows,768,1360,Chrome,3R15W654VD141F4XQPN3SBKX1W8QLS,3PS3UFWQYKB837ZFGB6ABPPR05UYRU,Language study,A 15-minute study where you answer checkbox questions,language research tuebingen fun cognitive science university,$0.80,Mo Jun 26 01:45:27 MESZ 2017,5,0,0,5,Reviewable,NotReviewed,1 cond,1800,30000,Mi Jul 26 01:45:27 MESZ 2017,https://requester.mturk.com/mturk/manageHIT?HITId=3R15W654VD141F4XQPN3SBKX1W8QLS,33F859I567LIYXHC6OGHTESB1WLBHU,2,Approved,Mo Jun 26 10:19:02 MESZ 2017,Mo Jun 26 01:49:25 MESZ 2017,Mo Jun 26 01:59:02 MESZ 2017,Mo Jun 26 10:19:45 MESZ 2017,,,,,{},9.54655,[]
2,19421,black,white,10,"[u'a good deal', u'most', u'the majority', u'more than half', u'a lot', u'more', u'a majority']",6,18,English,no,English,2,Male,41,Thanks!  Was fun.,na,Yes,3,Windows,768,1360,Chrome,3R15W654VD141F4XQPN3SBKX1W8QLS,3PS3UFWQYKB837ZFGB6ABPPR05UYRU,Language study,A 15-minute study where you answer checkbox questions,language research tuebingen fun cognitive science university,$0.80,Mo Jun 26 01:45:27 MESZ 2017,5,0,0,5,Reviewable,NotReviewed,1 cond,1800,30000,Mi Jul 26 01:45:27 MESZ 2017,https://requester.mturk.com/mturk/manageHIT?HITId=3R15W654VD141F4XQPN3SBKX1W8QLS,33F859I567LIYXHC6OGHTESB1WLBHU,2,Approved,Mo Jun 26 10:19:02 MESZ 2017,Mo Jun 26 01:49:25 MESZ 2017,Mo Jun 26 01:59:02 MESZ 2017,Mo Jun 26 10:19:45 MESZ 2017,,,,,{},9.54655,[]
2,15303,black,white,10,"[u'a small percentage', u'some']",3,19,English,no,English,2,Male,41,Thanks!  Was fun.,na,Yes,3,Windows,768,1360,Chrome,3R15W654VD141F4XQPN3SBKX1W8QLS,3PS3UFWQYKB837ZFGB6ABPPR05UYRU,Language study,A 15-minute study where you answer checkbox questions,language research tuebingen fun cognitive science university,$0.80,Mo Jun 26 01:45:27 MESZ 2017,5,0,0,5,Reviewable,NotReviewed,1 cond,1800,30000,Mi Jul 26 01:45:27 MESZ 2017,https://requester.mturk.com/mturk/manageHIT?HITId=3R15W654VD141F4XQPN3SBKX1W8QLS,33F859I567LIYXHC6OGHTESB1WLBHU,2,Approved,Mo Jun 26 10:19:02 MESZ 2017,Mo Jun 26 01:49:25 MESZ 2017,Mo Jun 26 01:59:02 MESZ 2017,Mo Jun 26 10:19:45 MESZ 2017,,,,,{},9.54655,[]
2,9855,black,white,5,[u'all'],5,20,English,no,English,2,Male,41,Thanks!  Was fun.,na,Yes,3,Windows,768,1360,Chrome,3R15W654VD141F4XQPN3SBKX1W8QLS,3PS3UFWQYKB837ZFGB6ABPPR05UYRU,Language study,A 15-minute study where you answer checkbox questions,language research tuebingen fun cognitive science university,$0.80,Mo Jun 26 01:45:27 MESZ 2017,5,0,0,5,Reviewable,NotReviewed,1 cond,1800,30000,Mi Jul 26 01:45:27 MESZ 2017,https://requester.mturk.com/mturk/manageHIT?HITId=3R15W654VD141F4XQPN3SBKX1W8QLS,33F859I567LIYXHC6OGHTESB1WLBHU,2,Approved,Mo Jun 26 10:19:02 MESZ 2017,Mo Jun 26 01:49:25 MESZ 2017,Mo Jun 26 01:59:02 MESZ 2017,Mo Jun 26 10:19:45 MESZ 2017,,,,,{},9.54655,[]
2,13753,black,white,100,"[u'a minority', u'few', u'a small amount', u'some']",32,21,English,no,English,2,Male,41,Thanks!  Was fun.,na,Yes,3,Windows,768,1360,Chrome,3R15W654VD141F4XQPN3SBKX1W8QLS,3PS3UFWQYKB837ZFGB6ABPPR05UYRU,Language study,A 15-minute study where you answer checkbox questions,language research tuebingen fun cognitive science university,$0.80,Mo Jun 26 01:45:27 MESZ 2017,5,0,0,5,Reviewable,NotReviewed,1 cond,1800,30000,Mi Jul 26 01:45:27 MESZ 2017,https://requester.mturk.com/mturk/manageHIT?HITId=3R15W654VD141F4XQPN3SBKX1W8QLS,33F859I567LIYXHC6OGHTESB1WLBHU,2,Approved,Mo Jun 26 10:19:02 MESZ 2017,Mo Jun 26 01:49:25 MESZ 2017,Mo Jun 26 01:59:02 MESZ 2017,Mo Jun 26 10:19:45 MESZ 2017,,,,,{},9.54655,[]
2,14270,white,black,25,"[u'a few', u'a couple', u'some', u'a small percentage', u'a small amount']",6,22,English,no,English,2,Male,41,Thanks!  Was fun.,na,Yes,3,Windows,768,1360,Chrome,3R15W654VD141F4XQPN3SBKX1W8QLS,3PS3UFWQYKB837ZFGB6ABPPR05UYRU,Language study,A 15-minute study where you answer checkbox questions,language research tuebingen fun cognitive science university,$0.80,Mo Jun 26 01:45:27 MESZ 2017,5,0,0,5,Reviewable,NotReviewed,1 cond,1800,30000,Mi Jul 26 01:45:27 MESZ 2017,https://requester.mturk.com/mturk/manageHIT?HITId=3R15W654VD141F4XQPN3SBKX1W8QLS,33F859I567LIYXHC6OGHTESB1WLBHU,2,Approved,Mo Jun 26 10:19:02 MESZ 2017,Mo Jun 26 01:49:25 MESZ 2017,Mo Jun 26 01:59:02 MESZ 2017,Mo Jun 26 10:19:45 MESZ 2017,,,,,{},9.54655,[]
2,15529,black,white,5,"[u'lots', u'a good deal', u'more', u'most', u'greater']",4,23,English,no,English,2,Male,41,Thanks!  Was fun.,na,Yes,3,Windows,768,1360,Chrome,3R15W654VD141F4XQPN3SBKX1W8QLS,3PS3UFWQYKB837ZFGB6ABPPR05UYRU,Language study,A 15-minute study where you answer checkbox questions,language research tuebingen fun cognitive science university,$0.80,Mo Jun 26 01:45:27 MESZ 2017,5,0,0,5,Reviewable,NotReviewed,1 cond,1800,30000,Mi Jul 26 01:45:27 MESZ 2017,https://requester.mturk.com/mturk/manageHIT?HITId=3R15W654VD141F4XQPN3SBKX1W8QLS,33F859I567LIYXHC6OGHTESB1WLBHU,2,Approved,Mo Jun 26 10:19:02 MESZ 2017,Mo Jun 26 01:49:25 MESZ 2017,Mo Jun 26 01:59:02 MESZ 2017,Mo Jun 26 10:19:45 MESZ 2017,,,,,{},9.54655,[]
2,13316,white,black,25,"[u'few', u'less']",2,24,English,no,English,2,Male,41,Thanks!  Was fun.,na,Yes,3,Windows,768,1360,Chrome,3R15W654VD141F4XQPN3SBKX1W8QLS,3PS3UFWQYKB837ZFGB6ABPPR05UYRU,Language study,A 15-minute study where you answer checkbox questions,language research tuebingen fun cognitive science university,$0.80,Mo Jun 26 01:45:27 MESZ 2017,5,0,0,5,Reviewable,NotReviewed,1 cond,1800,30000,Mi Jul 26 01:45:27 MESZ 2017,https://requester.mturk.com/mturk/manageHIT?HITId=3R15W654VD141F4XQPN3SBKX1W8QLS,33F859I567LIYXHC6OGHTESB1WLBHU,2,Approved,Mo Jun 26 10:19:02 MESZ 2017,Mo Jun 26 01:49:25 MESZ 2017,Mo Jun 26 01:59:02 MESZ 2017,Mo Jun 26 10:19:45 MESZ 2017,,,,,{},9.54655,[]
2,15966,white,black,100,"[u'some', u'a minority']",23,25,English,no,English,2,Male,41,Thanks!  Was fun.,na,Yes,3,Windows,768,1360,Chrome,3R15W654VD141F4XQPN3SBKX1W8QLS,3PS3UFWQYKB837ZFGB6ABPPR05UYRU,Language study,A 15-minute study where you answer checkbox questions,language research tuebingen fun cognitive science university,$0.80,Mo Jun 26 01:45:27 MESZ 2017,5,0,0,5,Reviewable,NotReviewed,1 cond,1800,30000,Mi Jul 26 01:45:27 MESZ 2017,https://requester.mturk.com/mturk/manageHIT?HITId=3R15W654VD141F4XQPN3SBKX1W8QLS,33F859I567LIYXHC6OGHTESB1WLBHU,2,Approved,Mo Jun 26 10:19:02 MESZ 2017,Mo Jun 26 01:49:25 MESZ 2017,Mo Jun 26 01:59:02 MESZ 2017,Mo Jun 26 10:19:45 MESZ 2017,,,,,{},9.54655,[]
2,14535,black,white,25,"[u'more', u'quite a few', u'a majority', u'almost all']",24,26,English,no,English,2,Male,41,Thanks!  Was fun.,na,Yes,3,Windows,768,1360,Chrome,3R15W654VD141F4XQPN3SBKX1W8QLS,3PS3UFWQYKB837ZFGB6ABPPR05UYRU,Language study,A 15-minute study where you answer checkbox questions,language research tuebingen fun cognitive science university,$0.80,Mo Jun 26 01:45:27 MESZ 2017,5,0,0,5,Reviewable,NotReviewed,1 cond,1800,30000,Mi Jul 26 01:45:27 MESZ 2017,https://requester.mturk.com/mturk/manageHIT?HITId=3R15W654VD141F4XQPN3SBKX1W8QLS,33F859I567LIYXHC6OGHTESB1WLBHU,2,Approved,Mo Jun 26 10:19:02 MESZ 2017,Mo Jun 26 01:49:25 MESZ 2017,Mo Jun 26 01:59:02 MESZ 2017,Mo Jun 26 10:19:45 MESZ 2017,,,,,{},9.54655,[]
2,12883,black,white,5,"[u'less', u'some']",2,27,English,no,English,2,Male,41,Thanks!  Was fun.,na,Yes,3,Windows,768,1360,Chrome,3R15W654VD141F4XQPN3SBKX1W8QLS,3PS3UFWQYKB837ZFGB6ABPPR05UYRU,Language study,A 15-minute study where you answer checkbox questions,language research tuebingen fun cognitive science university,$0.80,Mo Jun 26 01:45:27 MESZ 2017,5,0,0,5,Reviewable,NotReviewed,1 cond,1800,30000,Mi Jul 26 01:45:27 MESZ 2017,https://requester.mturk.com/mturk/manageHIT?HITId=3R15W654VD141F4XQPN3SBKX1W8QLS,33F859I567LIYXHC6OGHTESB1WLBHU,2,Approved,Mo Jun 26 10:19:02 MESZ 2017,Mo Jun 26 01:49:25 MESZ 2017,Mo Jun 26 01:59:02 MESZ 2017,Mo Jun 26 10:19:45 MESZ 2017,,,,,{},9.54655,[]
3,34829,white,black,100,"[u'quite a few', u'some']",19,2,English,no,English,2,Male,32,Thank you. I tried to choose the answers that best explained the situation to somebody who hasn&quotechart seen the picture. Thank you for the work opportunity and I wish you luck with your research.,,Yes,1,Windows,800,1280,Chrome,3R15W654VD141F4XQPN3SBKX1W8QLS,3PS3UFWQYKB837ZFGB6ABPPR05UYRU,Language study,A 15-minute study where you answer checkbox questions,language research tuebingen fun cognitive science university,$0.80,Mo Jun 26 01:45:27 MESZ 2017,5,0,0,5,Reviewable,NotReviewed,1 cond,1800,30000,Mi Jul 26 01:45:27 MESZ 2017,https://requester.mturk.com/mturk/manageHIT?HITId=3R15W654VD141F4XQPN3SBKX1W8QLS,3OS4RQUCRANYK1Q6BYSHQTGYLH8BFW,3,Approved,Mo Jun 26 10:20:31 MESZ 2017,Mo Jun 26 01:49:25 MESZ 2017,Mo Jun 26 02:00:31 MESZ 2017,Mo Jun 26 10:20:45 MESZ 2017,,,,,{},11.069116666666666,[]
3,22359,white,black,5,[u'very few'],1,3,English,no,English,2,Male,32,Thank you. I tried to choose the answers that best explained the situation to somebody who hasn&quotechart seen the picture. Thank you for the work opportunity and I wish you luck with your research.,,Yes,1,Windows,800,1280,Chrome,3R15W654VD141F4XQPN3SBKX1W8QLS,3PS3UFWQYKB837ZFGB6ABPPR05UYRU,Language study,A 15-minute study where you answer checkbox questions,language research tuebingen fun cognitive science university,$0.80,Mo Jun 26 01:45:27 MESZ 2017,5,0,0,5,Reviewable,NotReviewed,1 cond,1800,30000,Mi Jul 26 01:45:27 MESZ 2017,https://requester.mturk.com/mturk/manageHIT?HITId=3R15W654VD141F4XQPN3SBKX1W8QLS,3OS4RQUCRANYK1Q6BYSHQTGYLH8BFW,3,Approved,Mo Jun 26 10:20:31 MESZ 2017,Mo Jun 26 01:49:25 MESZ 2017,Mo Jun 26 02:00:31 MESZ 2017,Mo Jun 26 10:20:45 MESZ 2017,,,,,{},11.069116666666666,[]
3,20608,black,white,10,[u'more than half'],4,4,English,no,English,2,Male,32,Thank you. I tried to choose the answers that best explained the situation to somebody who hasn&quotechart seen the picture. Thank you for the work opportunity and I wish you luck with your research.,,Yes,1,Windows,800,1280,Chrome,3R15W654VD141F4XQPN3SBKX1W8QLS,3PS3UFWQYKB837ZFGB6ABPPR05UYRU,Language study,A 15-minute study where you answer checkbox questions,language research tuebingen fun cognitive science university,$0.80,Mo Jun 26 01:45:27 MESZ 2017,5,0,0,5,Reviewable,NotReviewed,1 cond,1800,30000,Mi Jul 26 01:45:27 MESZ 2017,https://requester.mturk.com/mturk/manageHIT?HITId=3R15W654VD141F4XQPN3SBKX1W8QLS,3OS4RQUCRANYK1Q6BYSHQTGYLH8BFW,3,Approved,Mo Jun 26 10:20:31 MESZ 2017,Mo Jun 26 01:49:25 MESZ 2017,Mo Jun 26 02:00:31 MESZ 2017,Mo Jun 26 10:20:45 MESZ 2017,,,,,{},11.069116666666666,[]
3,35896,black,white,10,[u'almost all'],9,5,English,no,English,2,Male,32,Thank you. I tried to choose the answers that best explained the situation to somebody who hasn&quotechart seen the picture. Thank you for the work opportunity and I wish you luck with your research.,,Yes,1,Windows,800,1280,Chrome,3R15W654VD141F4XQPN3SBKX1W8QLS,3PS3UFWQYKB837ZFGB6ABPPR05UYRU,Language study,A 15-minute study where you answer checkbox questions,language research tuebingen fun cognitive science university,$0.80,Mo Jun 26 01:45:27 MESZ 2017,5,0,0,5,Reviewable,NotReviewed,1 cond,1800,30000,Mi Jul 26 01:45:27 MESZ 2017,https://requester.mturk.com/mturk/manageHIT?HITId=3R15W654VD141F4XQPN3SBKX1W8QLS,3OS4RQUCRANYK1Q6BYSHQTGYLH8BFW,3,Approved,Mo Jun 26 10:20:31 MESZ 2017,Mo Jun 26 01:49:25 MESZ 2017,Mo Jun 26 02:00:31 MESZ 2017,Mo Jun 26 10:20:45 MESZ 2017,,,,,{},11.069116666666666,[]
3,14776,black,white,5,[u'a few'],2,6,English,no,English,2,Male,32,Thank you. I tried to choose the answers that best explained the situation to somebody who hasn&quotechart seen the picture. Thank you for the work opportunity and I wish you luck with your research.,,Yes,1,Windows,800,1280,Chrome,3R15W654VD141F4XQPN3SBKX1W8QLS,3PS3UFWQYKB837ZFGB6ABPPR05UYRU,Language study,A 15-minute study where you answer checkbox questions,language research tuebingen fun cognitive science university,$0.80,Mo Jun 26 01:45:27 MESZ 2017,5,0,0,5,Reviewable,NotReviewed,1 cond,1800,30000,Mi Jul 26 01:45:27 MESZ 2017,https://requester.mturk.com/mturk/manageHIT?HITId=3R15W654VD141F4XQPN3SBKX1W8QLS,3OS4RQUCRANYK1Q6BYSHQTGYLH8BFW,3,Approved,Mo Jun 26 10:20:31 MESZ 2017,Mo Jun 26 01:49:25 MESZ 2017,Mo Jun 26 02:00:31 MESZ 2017,Mo Jun 26 10:20:45 MESZ 2017,,,,,{},11.069116666666666,[]
3,6192,black,white,5,[u'none'],0,7,English,no,English,2,Male,32,Thank you. I tried to choose the answers that best explained the situation to somebody who hasn&quotechart seen the picture. Thank you for the work opportunity and I wish you luck with your research.,,Yes,1,Windows,800,1280,Chrome,3R15W654VD141F4XQPN3SBKX1W8QLS,3PS3UFWQYKB837ZFGB6ABPPR05UYRU,Language study,A 15-minute study where you answer checkbox questions,language research tuebingen fun cognitive science university,$0.80,Mo Jun 26 01:45:27 MESZ 2017,5,0,0,5,Reviewable,NotReviewed,1 cond,1800,30000,Mi Jul 26 01:45:27 MESZ 2017,https://requester.mturk.com/mturk/manageHIT?HITId=3R15W654VD141F4XQPN3SBKX1W8QLS,3OS4RQUCRANYK1Q6BYSHQTGYLH8BFW,3,Approved,Mo Jun 26 10:20:31 MESZ 2017,Mo Jun 26 01:49:25 MESZ 2017,Mo Jun 26 02:00:31 MESZ 2017,Mo Jun 26 10:20:45 MESZ 2017,,,,,{},11.069116666666666,[]
3,8816,black,white,10,[u'none'],0,8,English,no,English,2,Male,32,Thank you. I tried to choose the answers that best explained the situation to somebody who hasn&quotechart seen the picture. Thank you for the work opportunity and I wish you luck with your research.,,Yes,1,Windows,800,1280,Chrome,3R15W654VD141F4XQPN3SBKX1W8QLS,3PS3UFWQYKB837ZFGB6ABPPR05UYRU,Language study,A 15-minute study where you answer checkbox questions,language research tuebingen fun cognitive science university,$0.80,Mo Jun 26 01:45:27 MESZ 2017,5,0,0,5,Reviewable,NotReviewed,1 cond,1800,30000,Mi Jul 26 01:45:27 MESZ 2017,https://requester.mturk.com/mturk/manageHIT?HITId=3R15W654VD141F4XQPN3SBKX1W8QLS,3OS4RQUCRANYK1Q6BYSHQTGYLH8BFW,3,Approved,Mo Jun 26 10:20:31 MESZ 2017,Mo Jun 26 01:49:25 MESZ 2017,Mo Jun 26 02:00:31 MESZ 2017,Mo Jun 26 10:20:45 MESZ 2017,,,,,{},11.069116666666666,[]
3,20553,black,white,10,"[u'the majority', u'most', u'almost all', u'nearly all']",8,9,English,no,English,2,Male,32,Thank you. I tried to choose the answers that best explained the situation to somebody who hasn&quotechart seen the picture. Thank you for the work opportunity and I wish you luck with your research.,,Yes,1,Windows,800,1280,Chrome,3R15W654VD141F4XQPN3SBKX1W8QLS,3PS3UFWQYKB837ZFGB6ABPPR05UYRU,Language study,A 15-minute study where you answer checkbox questions,language research tuebingen fun cognitive science university,$0.80,Mo Jun 26 01:45:27 MESZ 2017,5,0,0,5,Reviewable,NotReviewed,1 cond,1800,30000,Mi Jul 26 01:45:27 MESZ 2017,https://requester.mturk.com/mturk/manageHIT?HITId=3R15W654VD141F4XQPN3SBKX1W8QLS,3OS4RQUCRANYK1Q6BYSHQTGYLH8BFW,3,Approved,Mo Jun 26 10:20:31 MESZ 2017,Mo Jun 26 01:49:25 MESZ 2017,Mo Jun 26 02:00:31 MESZ 2017,Mo Jun 26 10:20:45 MESZ 2017,,,,,{},11.069116666666666,[]
3,8816,black,white,5,[u'all'],5,10,English,no,English,2,Male,32,Thank you. I tried to choose the answers that best explained the situation to somebody who hasn&quotechart seen the picture. Thank you for the work opportunity and I wish you luck with your research.,,Yes,1,Windows,800,1280,Chrome,3R15W654VD141F4XQPN3SBKX1W8QLS,3PS3UFWQYKB837ZFGB6ABPPR05UYRU,Language study,A 15-minute study where you answer checkbox questions,language research tuebingen fun cognitive science university,$0.80,Mo Jun 26 01:45:27 MESZ 2017,5,0,0,5,Reviewable,NotReviewed,1 cond,1800,30000,Mi Jul 26 01:45:27 MESZ 2017,https://requester.mturk.com/mturk/manageHIT?HITId=3R15W654VD141F4XQPN3SBKX1W8QLS,3OS4RQUCRANYK1Q6BYSHQTGYLH8BFW,3,Approved,Mo Jun 26 10:20:31 MESZ 2017,Mo Jun 26 01:49:25 MESZ 2017,Mo Jun 26 02:00:31 MESZ 2017,Mo Jun 26 10:20:45 MESZ 2017,,,,,{},11.069116666666666,[]
3,10744,black,white,100,"[u'a small amount', u'a small percentage']",22,11,English,no,English,2,Male,32,Thank you. I tried to choose the answers that best explained the situation to somebody who hasn&quotechart seen the picture. Thank you for the work opportunity and I wish you luck with your research.,,Yes,1,Windows,800,1280,Chrome,3R15W654VD141F4XQPN3SBKX1W8QLS,3PS3UFWQYKB837ZFGB6ABPPR05UYRU,Language study,A 15-minute study where you answer checkbox questions,language research tuebingen fun cognitive science university,$0.80,Mo Jun 26 01:45:27 MESZ 2017,5,0,0,5,Reviewable,NotReviewed,1 cond,1800,30000,Mi Jul 26 01:45:27 MESZ 2017,https://requester.mturk.com/mturk/manageHIT?HITId=3R15W654VD141F4XQPN3SBKX1W8QLS,3OS4RQUCRANYK1Q6BYSHQTGYLH8BFW,3,Approved,Mo Jun 26 10:20:31 MESZ 2017,Mo Jun 26 01:49:25 MESZ 2017,Mo Jun 26 02:00:31 MESZ 2017,Mo Jun 26 10:20:45 MESZ 2017,,,,,{},11.069116666666666,[]
3,12135,black,white,25,"[u'almost all', u'the majority', u'most']",22,12,English,no,English,2,Male,32,Thank you. I tried to choose the answers that best explained the situation to somebody who hasn&quotechart seen the picture. Thank you for the work opportunity and I wish you luck with your research.,,Yes,1,Windows,800,1280,Chrome,3R15W654VD141F4XQPN3SBKX1W8QLS,3PS3UFWQYKB837ZFGB6ABPPR05UYRU,Language study,A 15-minute study where you answer checkbox questions,language research tuebingen fun cognitive science university,$0.80,Mo Jun 26 01:45:27 MESZ 2017,5,0,0,5,Reviewable,NotReviewed,1 cond,1800,30000,Mi Jul 26 01:45:27 MESZ 2017,https://requester.mturk.com/mturk/manageHIT?HITId=3R15W654VD141F4XQPN3SBKX1W8QLS,3OS4RQUCRANYK1Q6BYSHQTGYLH8BFW,3,Approved,Mo Jun 26 10:20:31 MESZ 2017,Mo Jun 26 01:49:25 MESZ 2017,Mo Jun 26 02:00:31 MESZ 2017,Mo Jun 26 10:20:45 MESZ 2017,,,,,{},11.069116666666666,[]
3,20248,white,black,100,"[u'most', u'nearly all']",90,13,English,no,English,2,Male,32,Thank you. I tried to choose the answers that best explained the situation to somebody who hasn&quotechart seen the picture. Thank you for the work opportunity and I wish you luck with your research.,,Yes,1,Windows,800,1280,Chrome,3R15W654VD141F4XQPN3SBKX1W8QLS,3PS3UFWQYKB837ZFGB6ABPPR05UYRU,Language study,A 15-minute study where you answer checkbox questions,language research tuebingen fun cognitive science university,$0.80,Mo Jun 26 01:45:27 MESZ 2017,5,0,0,5,Reviewable,NotReviewed,1 cond,1800,30000,Mi Jul 26 01:45:27 MESZ 2017,https://requester.mturk.com/mturk/manageHIT?HITId=3R15W654VD141F4XQPN3SBKX1W8QLS,3OS4RQUCRANYK1Q6BYSHQTGYLH8BFW,3,Approved,Mo Jun 26 10:20:31 MESZ 2017,Mo Jun 26 01:49:25 MESZ 2017,Mo Jun 26 02:00:31 MESZ 2017,Mo Jun 26 10:20:45 MESZ 2017,,,,,{},11.069116666666666,[]
3,13528,black,white,10,"[u'the majority', u'most']",6,14,English,no,English,2,Male,32,Thank you. I tried to choose the answers that best explained the situation to somebody who hasn&quotechart seen the picture. Thank you for the work opportunity and I wish you luck with your research.,,Yes,1,Windows,800,1280,Chrome,3R15W654VD141F4XQPN3SBKX1W8QLS,3PS3UFWQYKB837ZFGB6ABPPR05UYRU,Language study,A 15-minute study where you answer checkbox questions,language research tuebingen fun cognitive science university,$0.80,Mo Jun 26 01:45:27 MESZ 2017,5,0,0,5,Reviewable,NotReviewed,1 cond,1800,30000,Mi Jul 26 01:45:27 MESZ 2017,https://requester.mturk.com/mturk/manageHIT?HITId=3R15W654VD141F4XQPN3SBKX1W8QLS,3OS4RQUCRANYK1Q6BYSHQTGYLH8BFW,3,Approved,Mo Jun 26 10:20:31 MESZ 2017,Mo Jun 26 01:49:25 MESZ 2017,Mo Jun 26 02:00:31 MESZ 2017,Mo Jun 26 10:20:45 MESZ 2017,,,,,{},11.069116666666666,[]
3,25887,black,white,100,"[u'a lot', u'less than half']",41,15,English,no,English,2,Male,32,Thank you. I tried to choose the answers that best explained the situation to somebody who hasn&quotechart seen the picture. Thank you for the work opportunity and I wish you luck with your research.,,Yes,1,Windows,800,1280,Chrome,3R15W654VD141F4XQPN3SBKX1W8QLS,3PS3UFWQYKB837ZFGB6ABPPR05UYRU,Language study,A 15-minute study where you answer checkbox questions,language research tuebingen fun cognitive science university,$0.80,Mo Jun 26 01:45:27 MESZ 2017,5,0,0,5,Reviewable,NotReviewed,1 cond,1800,30000,Mi Jul 26 01:45:27 MESZ 2017,https://requester.mturk.com/mturk/manageHIT?HITId=3R15W654VD141F4XQPN3SBKX1W8QLS,3OS4RQUCRANYK1Q6BYSHQTGYLH8BFW,3,Approved,Mo Jun 26 10:20:31 MESZ 2017,Mo Jun 26 01:49:25 MESZ 2017,Mo Jun 26 02:00:31 MESZ 2017,Mo Jun 26 10:20:45 MESZ 2017,,,,,{},11.069116666666666,[]
3,9376,white,black,5,"[u'most', u'almost all']",4,16,English,no,English,2,Male,32,Thank you. I tried to choose the answers that best explained the situation to somebody who hasn&quotechart seen the picture. Thank you for the work opportunity and I wish you luck with your research.,,Yes,1,Windows,800,1280,Chrome,3R15W654VD141F4XQPN3SBKX1W8QLS,3PS3UFWQYKB837ZFGB6ABPPR05UYRU,Language study,A 15-minute study where you answer checkbox questions,language research tuebingen fun cognitive science university,$0.80,Mo Jun 26 01:45:27 MESZ 2017,5,0,0,5,Reviewable,NotReviewed,1 cond,1800,30000,Mi Jul 26 01:45:27 MESZ 2017,https://requester.mturk.com/mturk/manageHIT?HITId=3R15W654VD141F4XQPN3SBKX1W8QLS,3OS4RQUCRANYK1Q6BYSHQTGYLH8BFW,3,Approved,Mo Jun 26 10:20:31 MESZ 2017,Mo Jun 26 01:49:25 MESZ 2017,Mo Jun 26 02:00:31 MESZ 2017,Mo Jun 26 10:20:45 MESZ 2017,,,,,{},11.069116666666666,[]
3,15759,black,white,100,[u'a few'],2,17,English,no,English,2,Male,32,Thank you. I tried to choose the answers that best explained the situation to somebody who hasn&quotechart seen the picture. Thank you for the work opportunity and I wish you luck with your research.,,Yes,1,Windows,800,1280,Chrome,3R15W654VD141F4XQPN3SBKX1W8QLS,3PS3UFWQYKB837ZFGB6ABPPR05UYRU,Language study,A 15-minute study where you answer checkbox questions,language research tuebingen fun cognitive science university,$0.80,Mo Jun 26 01:45:27 MESZ 2017,5,0,0,5,Reviewable,NotReviewed,1 cond,1800,30000,Mi Jul 26 01:45:27 MESZ 2017,https://requester.mturk.com/mturk/manageHIT?HITId=3R15W654VD141F4XQPN3SBKX1W8QLS,3OS4RQUCRANYK1Q6BYSHQTGYLH8BFW,3,Approved,Mo Jun 26 10:20:31 MESZ 2017,Mo Jun 26 01:49:25 MESZ 2017,Mo Jun 26 02:00:31 MESZ 2017,Mo Jun 26 10:20:45 MESZ 2017,,,,,{},11.069116666666666,[]
3,5928,white,black,100,[u'about half'],54,18,English,no,English,2,Male,32,Thank you. I tried to choose the answers that best explained the situation to somebody who hasn&quotechart seen the picture. Thank you for the work opportunity and I wish you luck with your research.,,Yes,1,Windows,800,1280,Chrome,3R15W654VD141F4XQPN3SBKX1W8QLS,3PS3UFWQYKB837ZFGB6ABPPR05UYRU,Language study,A 15-minute study where you answer checkbox questions,language research tuebingen fun cognitive science university,$0.80,Mo Jun 26 01:45:27 MESZ 2017,5,0,0,5,Reviewable,NotReviewed,1 cond,1800,30000,Mi Jul 26 01:45:27 MESZ 2017,https://requester.mturk.com/mturk/manageHIT?HITId=3R15W654VD141F4XQPN3SBKX1W8QLS,3OS4RQUCRANYK1Q6BYSHQTGYLH8BFW,3,Approved,Mo Jun 26 10:20:31 MESZ 2017,Mo Jun 26 01:49:25 MESZ 2017,Mo Jun 26 02:00:31 MESZ 2017,Mo Jun 26 10:20:45 MESZ 2017,,,,,{},11.069116666666666,[]
3,12264,white,black,25,[u'half'],16,19,English,no,English,2,Male,32,Thank you. I tried to choose the answers that best explained the situation to somebody who hasn&quotechart seen the picture. Thank you for the work opportunity and I wish you luck with your research.,,Yes,1,Windows,800,1280,Chrome,3R15W654VD141F4XQPN3SBKX1W8QLS,3PS3UFWQYKB837ZFGB6ABPPR05UYRU,Language study,A 15-minute study where you answer checkbox questions,language research tuebingen fun cognitive science university,$0.80,Mo Jun 26 01:45:27 MESZ 2017,5,0,0,5,Reviewable,NotReviewed,1 cond,1800,30000,Mi Jul 26 01:45:27 MESZ 2017,https://requester.mturk.com/mturk/manageHIT?HITId=3R15W654VD141F4XQPN3SBKX1W8QLS,3OS4RQUCRANYK1Q6BYSHQTGYLH8BFW,3,Approved,Mo Jun 26 10:20:31 MESZ 2017,Mo Jun 26 01:49:25 MESZ 2017,Mo Jun 26 02:00:31 MESZ 2017,Mo Jun 26 10:20:45 MESZ 2017,,,,,{},11.069116666666666,[]
3,130296,white,black,25,"[u'few', u'almost none']",2,20,English,no,English,2,Male,32,Thank you. I tried to choose the answers that best explained the situation to somebody who hasn&quotechart seen the picture. Thank you for the work opportunity and I wish you luck with your research.,,Yes,1,Windows,800,1280,Chrome,3R15W654VD141F4XQPN3SBKX1W8QLS,3PS3UFWQYKB837ZFGB6ABPPR05UYRU,Language study,A 15-minute study where you answer checkbox questions,language research tuebingen fun cognitive science university,$0.80,Mo Jun 26 01:45:27 MESZ 2017,5,0,0,5,Reviewable,NotReviewed,1 cond,1800,30000,Mi Jul 26 01:45:27 MESZ 2017,https://requester.mturk.com/mturk/manageHIT?HITId=3R15W654VD141F4XQPN3SBKX1W8QLS,3OS4RQUCRANYK1Q6BYSHQTGYLH8BFW,3,Approved,Mo Jun 26 10:20:31 MESZ 2017,Mo Jun 26 01:49:25 MESZ 2017,Mo Jun 26 02:00:31 MESZ 2017,Mo Jun 26 10:20:45 MESZ 2017,,,,,{},11.069116666666666,[]
3,14952,white,black,25,"[u'more than half', u'a good deal', u'many']",14,21,English,no,English,2,Male,32,Thank you. I tried to choose the answers that best explained the situation to somebody who hasn&quotechart seen the picture. Thank you for the work opportunity and I wish you luck with your research.,,Yes,1,Windows,800,1280,Chrome,3R15W654VD141F4XQPN3SBKX1W8QLS,3PS3UFWQYKB837ZFGB6ABPPR05UYRU,Language study,A 15-minute study where you answer checkbox questions,language research tuebingen fun cognitive science university,$0.80,Mo Jun 26 01:45:27 MESZ 2017,5,0,0,5,Reviewable,NotReviewed,1 cond,1800,30000,Mi Jul 26 01:45:27 MESZ 2017,https://requester.mturk.com/mturk/manageHIT?HITId=3R15W654VD141F4XQPN3SBKX1W8QLS,3OS4RQUCRANYK1Q6BYSHQTGYLH8BFW,3,Approved,Mo Jun 26 10:20:31 MESZ 2017,Mo Jun 26 01:49:25 MESZ 2017,Mo Jun 26 02:00:31 MESZ 2017,Mo Jun 26 10:20:45 MESZ 2017,,,,,{},11.069116666666666,[]
3,9497,black,white,25,[u'about half'],10,22,English,no,English,2,Male,32,Thank you. I tried to choose the answers that best explained the situation to somebody who hasn&quotechart seen the picture. Thank you for the work opportunity and I wish you luck with your research.,,Yes,1,Windows,800,1280,Chrome,3R15W654VD141F4XQPN3SBKX1W8QLS,3PS3UFWQYKB837ZFGB6ABPPR05UYRU,Language study,A 15-minute study where you answer checkbox questions,language research tuebingen fun cognitive science university,$0.80,Mo Jun 26 01:45:27 MESZ 2017,5,0,0,5,Reviewable,NotReviewed,1 cond,1800,30000,Mi Jul 26 01:45:27 MESZ 2017,https://requester.mturk.com/mturk/manageHIT?HITId=3R15W654VD141F4XQPN3SBKX1W8QLS,3OS4RQUCRANYK1Q6BYSHQTGYLH8BFW,3,Approved,Mo Jun 26 10:20:31 MESZ 2017,Mo Jun 26 01:49:25 MESZ 2017,Mo Jun 26 02:00:31 MESZ 2017,Mo Jun 26 10:20:45 MESZ 2017,,,,,{},11.069116666666666,[]
3,39088,black,white,100,"[u'less', u'some', u'half']",31,23,English,no,English,2,Male,32,Thank you. I tried to choose the answers that best explained the situation to somebody who hasn&quotechart seen the picture. Thank you for the work opportunity and I wish you luck with your research.,,Yes,1,Windows,800,1280,Chrome,3R15W654VD141F4XQPN3SBKX1W8QLS,3PS3UFWQYKB837ZFGB6ABPPR05UYRU,Language study,A 15-minute study where you answer checkbox questions,language research tuebingen fun cognitive science university,$0.80,Mo Jun 26 01:45:27 MESZ 2017,5,0,0,5,Reviewable,NotReviewed,1 cond,1800,30000,Mi Jul 26 01:45:27 MESZ 2017,https://requester.mturk.com/mturk/manageHIT?HITId=3R15W654VD141F4XQPN3SBKX1W8QLS,3OS4RQUCRANYK1Q6BYSHQTGYLH8BFW,3,Approved,Mo Jun 26 10:20:31 MESZ 2017,Mo Jun 26 01:49:25 MESZ 2017,Mo Jun 26 02:00:31 MESZ 2017,Mo Jun 26 10:20:45 MESZ 2017,,,,,{},11.069116666666666,[]
3,32615,black,white,100,"[u'nearly all', u'almost all', u'the majority', u'a lot', u'more than half']",92,24,English,no,English,2,Male,32,Thank you. I tried to choose the answers that best explained the situation to somebody who hasn&quotechart seen the picture. Thank you for the work opportunity and I wish you luck with your research.,,Yes,1,Windows,800,1280,Chrome,3R15W654VD141F4XQPN3SBKX1W8QLS,3PS3UFWQYKB837ZFGB6ABPPR05UYRU,Language study,A 15-minute study where you answer checkbox questions,language research tuebingen fun cognitive science university,$0.80,Mo Jun 26 01:45:27 MESZ 2017,5,0,0,5,Reviewable,NotReviewed,1 cond,1800,30000,Mi Jul 26 01:45:27 MESZ 2017,https://requester.mturk.com/mturk/manageHIT?HITId=3R15W654VD141F4XQPN3SBKX1W8QLS,3OS4RQUCRANYK1Q6BYSHQTGYLH8BFW,3,Approved,Mo Jun 26 10:20:31 MESZ 2017,Mo Jun 26 01:49:25 MESZ 2017,Mo Jun 26 02:00:31 MESZ 2017,Mo Jun 26 10:20:45 MESZ 2017,,,,,{},11.069116666666666,[]
3,18649,black,white,100,"[u'greater', u'most', u'lots']",74,25,English,no,English,2,Male,32,Thank you. I tried to choose the answers that best explained the situation to somebody who hasn&quotechart seen the picture. Thank you for the work opportunity and I wish you luck with your research.,,Yes,1,Windows,800,1280,Chrome,3R15W654VD141F4XQPN3SBKX1W8QLS,3PS3UFWQYKB837ZFGB6ABPPR05UYRU,Language study,A 15-minute study where you answer checkbox questions,language research tuebingen fun cognitive science university,$0.80,Mo Jun 26 01:45:27 MESZ 2017,5,0,0,5,Reviewable,NotReviewed,1 cond,1800,30000,Mi Jul 26 01:45:27 MESZ 2017,https://requester.mturk.com/mturk/manageHIT?HITId=3R15W654VD141F4XQPN3SBKX1W8QLS,3OS4RQUCRANYK1Q6BYSHQTGYLH8BFW,3,Approved,Mo Jun 26 10:20:31 MESZ 2017,Mo Jun 26 01:49:25 MESZ 2017,Mo Jun 26 02:00:31 MESZ 2017,Mo Jun 26 10:20:45 MESZ 2017,,,,,{},11.069116666666666,[]
3,25823,white,black,5,"[u'lots', u'most', u'more than half']",3,26,English,no,English,2,Male,32,Thank you. I tried to choose the answers that best explained the situation to somebody who hasn&quotechart seen the picture. Thank you for the work opportunity and I wish you luck with your research.,,Yes,1,Windows,800,1280,Chrome,3R15W654VD141F4XQPN3SBKX1W8QLS,3PS3UFWQYKB837ZFGB6ABPPR05UYRU,Language study,A 15-minute study where you answer checkbox questions,language research tuebingen fun cognitive science university,$0.80,Mo Jun 26 01:45:27 MESZ 2017,5,0,0,5,Reviewable,NotReviewed,1 cond,1800,30000,Mi Jul 26 01:45:27 MESZ 2017,https://requester.mturk.com/mturk/manageHIT?HITId=3R15W654VD141F4XQPN3SBKX1W8QLS,3OS4RQUCRANYK1Q6BYSHQTGYLH8BFW,3,Approved,Mo Jun 26 10:20:31 MESZ 2017,Mo Jun 26 01:49:25 MESZ 2017,Mo Jun 26 02:00:31 MESZ 2017,Mo Jun 26 10:20:45 MESZ 2017,,,,,{},11.069116666666666,[]
3,14330,black,white,100,"[u'more', u'most', u'a good deal']",70,27,English,no,English,2,Male,32,Thank you. I tried to choose the answers that best explained the situation to somebody who hasn&quotechart seen the picture. Thank you for the work opportunity and I wish you luck with your research.,,Yes,1,Windows,800,1280,Chrome,3R15W654VD141F4XQPN3SBKX1W8QLS,3PS3UFWQYKB837ZFGB6ABPPR05UYRU,Language study,A 15-minute study where you answer checkbox questions,language research tuebingen fun cognitive science university,$0.80,Mo Jun 26 01:45:27 MESZ 2017,5,0,0,5,Reviewable,NotReviewed,1 cond,1800,30000,Mi Jul 26 01:45:27 MESZ 2017,https://requester.mturk.com/mturk/manageHIT?HITId=3R15W654VD141F4XQPN3SBKX1W8QLS,3OS4RQUCRANYK1Q6BYSHQTGYLH8BFW,3,Approved,Mo Jun 26 10:20:31 MESZ 2017,Mo Jun 26 01:49:25 MESZ 2017,Mo Jun 26 02:00:31 MESZ 2017,Mo Jun 26 10:20:45 MESZ 2017,,,,,{},11.069116666666666,[]
4,125188,black,white,5,"[u'some', u'few', u'a small amount', u'less than half', u'almost none', u'a minority']",2,2,english,no,english,1,Male,36,,none,Yes,2,Windows,768,1366,Chrome,3R15W654VD141F4XQPN3SBKX1W8QLS,3PS3UFWQYKB837ZFGB6ABPPR05UYRU,Language study,A 15-minute study where you answer checkbox questions,language research tuebingen fun cognitive science university,$0.80,Mo Jun 26 01:45:27 MESZ 2017,5,0,0,5,Reviewable,NotReviewed,1 cond,1800,30000,Mi Jul 26 01:45:27 MESZ 2017,https://requester.mturk.com/mturk/manageHIT?HITId=3R15W654VD141F4XQPN3SBKX1W8QLS,3JPSL1DZ5T75PJYV38BY3N515Q9NAK,4,Approved,Mo Jun 26 10:57:04 MESZ 2017,Mo Jun 26 02:19:53 MESZ 2017,Mo Jun 26 02:37:04 MESZ 2017,Mo Jun 26 10:57:45 MESZ 2017,,,,,{},10.508716666666666,[]
4,9439,black,white,10,[u'all'],10,3,english,no,english,1,Male,36,,none,Yes,2,Windows,768,1366,Chrome,3R15W654VD141F4XQPN3SBKX1W8QLS,3PS3UFWQYKB837ZFGB6ABPPR05UYRU,Language study,A 15-minute study where you answer checkbox questions,language research tuebingen fun cognitive science university,$0.80,Mo Jun 26 01:45:27 MESZ 2017,5,0,0,5,Reviewable,NotReviewed,1 cond,1800,30000,Mi Jul 26 01:45:27 MESZ 2017,https://requester.mturk.com/mturk/manageHIT?HITId=3R15W654VD141F4XQPN3SBKX1W8QLS,3JPSL1DZ5T75PJYV38BY3N515Q9NAK,4,Approved,Mo Jun 26 10:57:04 MESZ 2017,Mo Jun 26 02:19:53 MESZ 2017,Mo Jun 26 02:37:04 MESZ 2017,Mo Jun 26 10:57:45 MESZ 2017,,,,,{},10.508716666666666,[]
4,38790,black,white,100,"[u'some', u'less']",30,4,english,no,english,1,Male,36,,none,Yes,2,Windows,768,1366,Chrome,3R15W654VD141F4XQPN3SBKX1W8QLS,3PS3UFWQYKB837ZFGB6ABPPR05UYRU,Language study,A 15-minute study where you answer checkbox questions,language research tuebingen fun cognitive science university,$0.80,Mo Jun 26 01:45:27 MESZ 2017,5,0,0,5,Reviewable,NotReviewed,1 cond,1800,30000,Mi Jul 26 01:45:27 MESZ 2017,https://requester.mturk.com/mturk/manageHIT?HITId=3R15W654VD141F4XQPN3SBKX1W8QLS,3JPSL1DZ5T75PJYV38BY3N515Q9NAK,4,Approved,Mo Jun 26 10:57:04 MESZ 2017,Mo Jun 26 02:19:53 MESZ 2017,Mo Jun 26 02:37:04 MESZ 2017,Mo Jun 26 10:57:45 MESZ 2017,,,,,{},10.508716666666666,[]
4,7309,white,black,5,[u'none'],0,5,english,no,english,1,Male,36,,none,Yes,2,Windows,768,1366,Chrome,3R15W654VD141F4XQPN3SBKX1W8QLS,3PS3UFWQYKB837ZFGB6ABPPR05UYRU,Language study,A 15-minute study where you answer checkbox questions,language research tuebingen fun cognitive science university,$0.80,Mo Jun 26 01:45:27 MESZ 2017,5,0,0,5,Reviewable,NotReviewed,1 cond,1800,30000,Mi Jul 26 01:45:27 MESZ 2017,https://requester.mturk.com/mturk/manageHIT?HITId=3R15W654VD141F4XQPN3SBKX1W8QLS,3JPSL1DZ5T75PJYV38BY3N515Q9NAK,4,Approved,Mo Jun 26 10:57:04 MESZ 2017,Mo Jun 26 02:19:53 MESZ 2017,Mo Jun 26 02:37:04 MESZ 2017,Mo Jun 26 10:57:45 MESZ 2017,,,,,{},10.508716666666666,[]
4,12904,black,white,100,"[u'quite a few', u'many', u'the majority', u'most', u'a lot', u'lots']",84,6,english,no,english,1,Male,36,,none,Yes,2,Windows,768,1366,Chrome,3R15W654VD141F4XQPN3SBKX1W8QLS,3PS3UFWQYKB837ZFGB6ABPPR05UYRU,Language study,A 15-minute study where you answer checkbox questions,language research tuebingen fun cognitive science university,$0.80,Mo Jun 26 01:45:27 MESZ 2017,5,0,0,5,Reviewable,NotReviewed,1 cond,1800,30000,Mi Jul 26 01:45:27 MESZ 2017,https://requester.mturk.com/mturk/manageHIT?HITId=3R15W654VD141F4XQPN3SBKX1W8QLS,3JPSL1DZ5T75PJYV38BY3N515Q9NAK,4,Approved,Mo Jun 26 10:57:04 MESZ 2017,Mo Jun 26 02:19:53 MESZ 2017,Mo Jun 26 02:37:04 MESZ 2017,Mo Jun 26 10:57:45 MESZ 2017,,,,,{},10.508716666666666,[]
4,14441,white,black,5,"[u'most', u'quite a few', u'more', u'almost all', u'a lot', u'nearly all']",4,7,english,no,english,1,Male,36,,none,Yes,2,Windows,768,1366,Chrome,3R15W654VD141F4XQPN3SBKX1W8QLS,3PS3UFWQYKB837ZFGB6ABPPR05UYRU,Language study,A 15-minute study where you answer checkbox questions,language research tuebingen fun cognitive science university,$0.80,Mo Jun 26 01:45:27 MESZ 2017,5,0,0,5,Reviewable,NotReviewed,1 cond,1800,30000,Mi Jul 26 01:45:27 MESZ 2017,https://requester.mturk.com/mturk/manageHIT?HITId=3R15W654VD141F4XQPN3SBKX1W8QLS,3JPSL1DZ5T75PJYV38BY3N515Q9NAK,4,Approved,Mo Jun 26 10:57:04 MESZ 2017,Mo Jun 26 02:19:53 MESZ 2017,Mo Jun 26 02:37:04 MESZ 2017,Mo Jun 26 10:57:45 MESZ 2017,,,,,{},10.508716666666666,[]
4,13141,white,black,10,"[u'a small amount', u'a minority', u'very few', u'some', u'few']",4,8,english,no,english,1,Male,36,,none,Yes,2,Windows,768,1366,Chrome,3R15W654VD141F4XQPN3SBKX1W8QLS,3PS3UFWQYKB837ZFGB6ABPPR05UYRU,Language study,A 15-minute study where you answer checkbox questions,language research tuebingen fun cognitive science university,$0.80,Mo Jun 26 01:45:27 MESZ 2017,5,0,0,5,Reviewable,NotReviewed,1 cond,1800,30000,Mi Jul 26 01:45:27 MESZ 2017,https://requester.mturk.com/mturk/manageHIT?HITId=3R15W654VD141F4XQPN3SBKX1W8QLS,3JPSL1DZ5T75PJYV38BY3N515Q9NAK,4,Approved,Mo Jun 26 10:57:04 MESZ 2017,Mo Jun 26 02:19:53 MESZ 2017,Mo Jun 26 02:37:04 MESZ 2017,Mo Jun 26 10:57:45 MESZ 2017,,,,,{},10.508716666666666,[]
4,11525,black,white,100,"[u'a few', u'a minority', u'a couple', u'very few']",16,9,english,no,english,1,Male,36,,none,Yes,2,Windows,768,1366,Chrome,3R15W654VD141F4XQPN3SBKX1W8QLS,3PS3UFWQYKB837ZFGB6ABPPR05UYRU,Language study,A 15-minute study where you answer checkbox questions,language research tuebingen fun cognitive science university,$0.80,Mo Jun 26 01:45:27 MESZ 2017,5,0,0,5,Reviewable,NotReviewed,1 cond,1800,30000,Mi Jul 26 01:45:27 MESZ 2017,https://requester.mturk.com/mturk/manageHIT?HITId=3R15W654VD141F4XQPN3SBKX1W8QLS,3JPSL1DZ5T75PJYV38BY3N515Q9NAK,4,Approved,Mo Jun 26 10:57:04 MESZ 2017,Mo Jun 26 02:19:53 MESZ 2017,Mo Jun 26 02:37:04 MESZ 2017,Mo Jun 26 10:57:45 MESZ 2017,,,,,{},10.508716666666666,[]
4,14753,black,white,5,"[u'almost none', u'less than half', u'less', u'a minority']",1,10,english,no,english,1,Male,36,,none,Yes,2,Windows,768,1366,Chrome,3R15W654VD141F4XQPN3SBKX1W8QLS,3PS3UFWQYKB837ZFGB6ABPPR05UYRU,Language study,A 15-minute study where you answer checkbox questions,language research tuebingen fun cognitive science university,$0.80,Mo Jun 26 01:45:27 MESZ 2017,5,0,0,5,Reviewable,NotReviewed,1 cond,1800,30000,Mi Jul 26 01:45:27 MESZ 2017,https://requester.mturk.com/mturk/manageHIT?HITId=3R15W654VD141F4XQPN3SBKX1W8QLS,3JPSL1DZ5T75PJYV38BY3N515Q9NAK,4,Approved,Mo Jun 26 10:57:04 MESZ 2017,Mo Jun 26 02:19:53 MESZ 2017,Mo Jun 26 02:37:04 MESZ 2017,Mo Jun 26 10:57:45 MESZ 2017,,,,,{},10.508716666666666,[]
4,12856,black,white,5,"[u'some', u'the majority', u'greater', u'a couple', u'quite a few', u'most']",3,11,english,no,english,1,Male,36,,none,Yes,2,Windows,768,1366,Chrome,3R15W654VD141F4XQPN3SBKX1W8QLS,3PS3UFWQYKB837ZFGB6ABPPR05UYRU,Language study,A 15-minute study where you answer checkbox questions,language research tuebingen fun cognitive science university,$0.80,Mo Jun 26 01:45:27 MESZ 2017,5,0,0,5,Reviewable,NotReviewed,1 cond,1800,30000,Mi Jul 26 01:45:27 MESZ 2017,https://requester.mturk.com/mturk/manageHIT?HITId=3R15W654VD141F4XQPN3SBKX1W8QLS,3JPSL1DZ5T75PJYV38BY3N515Q9NAK,4,Approved,Mo Jun 26 10:57:04 MESZ 2017,Mo Jun 26 02:19:53 MESZ 2017,Mo Jun 26 02:37:04 MESZ 2017,Mo Jun 26 10:57:45 MESZ 2017,,,,,{},10.508716666666666,[]
4,97943,black,white,25,"[u'many', u'more', u'greater', u'more than half', u'most', u'a lot']",16,12,english,no,english,1,Male,36,,none,Yes,2,Windows,768,1366,Chrome,3R15W654VD141F4XQPN3SBKX1W8QLS,3PS3UFWQYKB837ZFGB6ABPPR05UYRU,Language study,A 15-minute study where you answer checkbox questions,language research tuebingen fun cognitive science university,$0.80,Mo Jun 26 01:45:27 MESZ 2017,5,0,0,5,Reviewable,NotReviewed,1 cond,1800,30000,Mi Jul 26 01:45:27 MESZ 2017,https://requester.mturk.com/mturk/manageHIT?HITId=3R15W654VD141F4XQPN3SBKX1W8QLS,3JPSL1DZ5T75PJYV38BY3N515Q9NAK,4,Approved,Mo Jun 26 10:57:04 MESZ 2017,Mo Jun 26 02:19:53 MESZ 2017,Mo Jun 26 02:37:04 MESZ 2017,Mo Jun 26 10:57:45 MESZ 2017,,,,,{},10.508716666666666,[]
4,12640,black,white,100,"[u'lots', u'a majority', u'more', u'greater', u'the majority', u'more than half', u'most']",79,13,english,no,english,1,Male,36,,none,Yes,2,Windows,768,1366,Chrome,3R15W654VD141F4XQPN3SBKX1W8QLS,3PS3UFWQYKB837ZFGB6ABPPR05UYRU,Language study,A 15-minute study where you answer checkbox questions,language research tuebingen fun cognitive science university,$0.80,Mo Jun 26 01:45:27 MESZ 2017,5,0,0,5,Reviewable,NotReviewed,1 cond,1800,30000,Mi Jul 26 01:45:27 MESZ 2017,https://requester.mturk.com/mturk/manageHIT?HITId=3R15W654VD141F4XQPN3SBKX1W8QLS,3JPSL1DZ5T75PJYV38BY3N515Q9NAK,4,Approved,Mo Jun 26 10:57:04 MESZ 2017,Mo Jun 26 02:19:53 MESZ 2017,Mo Jun 26 02:37:04 MESZ 2017,Mo Jun 26 10:57:45 MESZ 2017,,,,,{},10.508716666666666,[]
4,14685,white,black,25,"[u'most', u'almost all', u'nearly all', u'the majority']",24,14,english,no,english,1,Male,36,,none,Yes,2,Windows,768,1366,Chrome,3R15W654VD141F4XQPN3SBKX1W8QLS,3PS3UFWQYKB837ZFGB6ABPPR05UYRU,Language study,A 15-minute study where you answer checkbox questions,language research tuebingen fun cognitive science university,$0.80,Mo Jun 26 01:45:27 MESZ 2017,5,0,0,5,Reviewable,NotReviewed,1 cond,1800,30000,Mi Jul 26 01:45:27 MESZ 2017,https://requester.mturk.com/mturk/manageHIT?HITId=3R15W654VD141F4XQPN3SBKX1W8QLS,3JPSL1DZ5T75PJYV38BY3N515Q9NAK,4,Approved,Mo Jun 26 10:57:04 MESZ 2017,Mo Jun 26 02:19:53 MESZ 2017,Mo Jun 26 02:37:04 MESZ 2017,Mo Jun 26 10:57:45 MESZ 2017,,,,,{},10.508716666666666,[]
4,6203,black,white,100,[u'none'],0,15,english,no,english,1,Male,36,,none,Yes,2,Windows,768,1366,Chrome,3R15W654VD141F4XQPN3SBKX1W8QLS,3PS3UFWQYKB837ZFGB6ABPPR05UYRU,Language study,A 15-minute study where you answer checkbox questions,language research tuebingen fun cognitive science university,$0.80,Mo Jun 26 01:45:27 MESZ 2017,5,0,0,5,Reviewable,NotReviewed,1 cond,1800,30000,Mi Jul 26 01:45:27 MESZ 2017,https://requester.mturk.com/mturk/manageHIT?HITId=3R15W654VD141F4XQPN3SBKX1W8QLS,3JPSL1DZ5T75PJYV38BY3N515Q9NAK,4,Approved,Mo Jun 26 10:57:04 MESZ 2017,Mo Jun 26 02:19:53 MESZ 2017,Mo Jun 26 02:37:04 MESZ 2017,Mo Jun 26 10:57:45 MESZ 2017,,,,,{},10.508716666666666,[]
4,6564,white,black,5,[u'all'],5,16,english,no,english,1,Male,36,,none,Yes,2,Windows,768,1366,Chrome,3R15W654VD141F4XQPN3SBKX1W8QLS,3PS3UFWQYKB837ZFGB6ABPPR05UYRU,Language study,A 15-minute study where you answer checkbox questions,language research tuebingen fun cognitive science university,$0.80,Mo Jun 26 01:45:27 MESZ 2017,5,0,0,5,Reviewable,NotReviewed,1 cond,1800,30000,Mi Jul 26 01:45:27 MESZ 2017,https://requester.mturk.com/mturk/manageHIT?HITId=3R15W654VD141F4XQPN3SBKX1W8QLS,3JPSL1DZ5T75PJYV38BY3N515Q9NAK,4,Approved,Mo Jun 26 10:57:04 MESZ 2017,Mo Jun 26 02:19:53 MESZ 2017,Mo Jun 26 02:37:04 MESZ 2017,Mo Jun 26 10:57:45 MESZ 2017,,,,,{},10.508716666666666,[]
4,14449,white,black,100,"[u'several', u'quite a few', u'a majority', u'most', u'greater']",66,17,english,no,english,1,Male,36,,none,Yes,2,Windows,768,1366,Chrome,3R15W654VD141F4XQPN3SBKX1W8QLS,3PS3UFWQYKB837ZFGB6ABPPR05UYRU,Language study,A 15-minute study where you answer checkbox questions,language research tuebingen fun cognitive science university,$0.80,Mo Jun 26 01:45:27 MESZ 2017,5,0,0,5,Reviewable,NotReviewed,1 cond,1800,30000,Mi Jul 26 01:45:27 MESZ 2017,https://requester.mturk.com/mturk/manageHIT?HITId=3R15W654VD141F4XQPN3SBKX1W8QLS,3JPSL1DZ5T75PJYV38BY3N515Q9NAK,4,Approved,Mo Jun 26 10:57:04 MESZ 2017,Mo Jun 26 02:19:53 MESZ 2017,Mo Jun 26 02:37:04 MESZ 2017,Mo Jun 26 10:57:45 MESZ 2017,,,,,{},10.508716666666666,[]
4,10888,white,black,100,"[u'quite a few', u'many', u'more than half', u'almost all', u'a majority']",91,18,english,no,english,1,Male,36,,none,Yes,2,Windows,768,1366,Chrome,3R15W654VD141F4XQPN3SBKX1W8QLS,3PS3UFWQYKB837ZFGB6ABPPR05UYRU,Language study,A 15-minute study where you answer checkbox questions,language research tuebingen fun cognitive science university,$0.80,Mo Jun 26 01:45:27 MESZ 2017,5,0,0,5,Reviewable,NotReviewed,1 cond,1800,30000,Mi Jul 26 01:45:27 MESZ 2017,https://requester.mturk.com/mturk/manageHIT?HITId=3R15W654VD141F4XQPN3SBKX1W8QLS,3JPSL1DZ5T75PJYV38BY3N515Q9NAK,4,Approved,Mo Jun 26 10:57:04 MESZ 2017,Mo Jun 26 02:19:53 MESZ 2017,Mo Jun 26 02:37:04 MESZ 2017,Mo Jun 26 10:57:45 MESZ 2017,,,,,{},10.508716666666666,[]
4,14293,white,black,100,"[u'some', u'half']",41,19,english,no,english,1,Male,36,,none,Yes,2,Windows,768,1366,Chrome,3R15W654VD141F4XQPN3SBKX1W8QLS,3PS3UFWQYKB837ZFGB6ABPPR05UYRU,Language study,A 15-minute study where you answer checkbox questions,language research tuebingen fun cognitive science university,$0.80,Mo Jun 26 01:45:27 MESZ 2017,5,0,0,5,Reviewable,NotReviewed,1 cond,1800,30000,Mi Jul 26 01:45:27 MESZ 2017,https://requester.mturk.com/mturk/manageHIT?HITId=3R15W654VD141F4XQPN3SBKX1W8QLS,3JPSL1DZ5T75PJYV38BY3N515Q9NAK,4,Approved,Mo Jun 26 10:57:04 MESZ 2017,Mo Jun 26 02:19:53 MESZ 2017,Mo Jun 26 02:37:04 MESZ 2017,Mo Jun 26 10:57:45 MESZ 2017,,,,,{},10.508716666666666,[]
4,19748,black,white,25,"[u'some', u'a few']",10,20,english,no,english,1,Male,36,,none,Yes,2,Windows,768,1366,Chrome,3R15W654VD141F4XQPN3SBKX1W8QLS,3PS3UFWQYKB837ZFGB6ABPPR05UYRU,Language study,A 15-minute study where you answer checkbox questions,language research tuebingen fun cognitive science university,$0.80,Mo Jun 26 01:45:27 MESZ 2017,5,0,0,5,Reviewable,NotReviewed,1 cond,1800,30000,Mi Jul 26 01:45:27 MESZ 2017,https://requester.mturk.com/mturk/manageHIT?HITId=3R15W654VD141F4XQPN3SBKX1W8QLS,3JPSL1DZ5T75PJYV38BY3N515Q9NAK,4,Approved,Mo Jun 26 10:57:04 MESZ 2017,Mo Jun 26 02:19:53 MESZ 2017,Mo Jun 26 02:37:04 MESZ 2017,Mo Jun 26 10:57:45 MESZ 2017,,,,,{},10.508716666666666,[]
4,8061,black,white,10,[u'half'],5,21,english,no,english,1,Male,36,,none,Yes,2,Windows,768,1366,Chrome,3R15W654VD141F4XQPN3SBKX1W8QLS,3PS3UFWQYKB837ZFGB6ABPPR05UYRU,Language study,A 15-minute study where you answer checkbox questions,language research tuebingen fun cognitive science university,$0.80,Mo Jun 26 01:45:27 MESZ 2017,5,0,0,5,Reviewable,NotReviewed,1 cond,1800,30000,Mi Jul 26 01:45:27 MESZ 2017,https://requester.mturk.com/mturk/manageHIT?HITId=3R15W654VD141F4XQPN3SBKX1W8QLS,3JPSL1DZ5T75PJYV38BY3N515Q9NAK,4,Approved,Mo Jun 26 10:57:04 MESZ 2017,Mo Jun 26 02:19:53 MESZ 2017,Mo Jun 26 02:37:04 MESZ 2017,Mo Jun 26 10:57:45 MESZ 2017,,,,,{},10.508716666666666,[]
4,14789,white,black,25,"[u'lots', u'a good deal', u'a majority']",14,22,english,no,english,1,Male,36,,none,Yes,2,Windows,768,1366,Chrome,3R15W654VD141F4XQPN3SBKX1W8QLS,3PS3UFWQYKB837ZFGB6ABPPR05UYRU,Language study,A 15-minute study where you answer checkbox questions,language research tuebingen fun cognitive science university,$0.80,Mo Jun 26 01:45:27 MESZ 2017,5,0,0,5,Reviewable,NotReviewed,1 cond,1800,30000,Mi Jul 26 01:45:27 MESZ 2017,https://requester.mturk.com/mturk/manageHIT?HITId=3R15W654VD141F4XQPN3SBKX1W8QLS,3JPSL1DZ5T75PJYV38BY3N515Q9NAK,4,Approved,Mo Jun 26 10:57:04 MESZ 2017,Mo Jun 26 02:19:53 MESZ 2017,Mo Jun 26 02:37:04 MESZ 2017,Mo Jun 26 10:57:45 MESZ 2017,,,,,{},10.508716666666666,[]
4,12170,white,black,10,"[u'almost all', u'less']",1,23,english,no,english,1,Male,36,,none,Yes,2,Windows,768,1366,Chrome,3R15W654VD141F4XQPN3SBKX1W8QLS,3PS3UFWQYKB837ZFGB6ABPPR05UYRU,Language study,A 15-minute study where you answer checkbox questions,language research tuebingen fun cognitive science university,$0.80,Mo Jun 26 01:45:27 MESZ 2017,5,0,0,5,Reviewable,NotReviewed,1 cond,1800,30000,Mi Jul 26 01:45:27 MESZ 2017,https://requester.mturk.com/mturk/manageHIT?HITId=3R15W654VD141F4XQPN3SBKX1W8QLS,3JPSL1DZ5T75PJYV38BY3N515Q9NAK,4,Approved,Mo Jun 26 10:57:04 MESZ 2017,Mo Jun 26 02:19:53 MESZ 2017,Mo Jun 26 02:37:04 MESZ 2017,Mo Jun 26 10:57:45 MESZ 2017,,,,,{},10.508716666666666,[]
4,18592,white,black,10,"[u'more', u'a majority', u'the majority', u'greater', u'almost all', u'most', u'several', u'many']",8,24,english,no,english,1,Male,36,,none,Yes,2,Windows,768,1366,Chrome,3R15W654VD141F4XQPN3SBKX1W8QLS,3PS3UFWQYKB837ZFGB6ABPPR05UYRU,Language study,A 15-minute study where you answer checkbox questions,language research tuebingen fun cognitive science university,$0.80,Mo Jun 26 01:45:27 MESZ 2017,5,0,0,5,Reviewable,NotReviewed,1 cond,1800,30000,Mi Jul 26 01:45:27 MESZ 2017,https://requester.mturk.com/mturk/manageHIT?HITId=3R15W654VD141F4XQPN3SBKX1W8QLS,3JPSL1DZ5T75PJYV38BY3N515Q9NAK,4,Approved,Mo Jun 26 10:57:04 MESZ 2017,Mo Jun 26 02:19:53 MESZ 2017,Mo Jun 26 02:37:04 MESZ 2017,Mo Jun 26 10:57:45 MESZ 2017,,,,,{},10.508716666666666,[]
4,13785,white,black,100,"[u'some', u'few', u'a small percentage', u'a minority', u'less than half', u'less', u'not many']",37,25,english,no,english,1,Male,36,,none,Yes,2,Windows,768,1366,Chrome,3R15W654VD141F4XQPN3SBKX1W8QLS,3PS3UFWQYKB837ZFGB6ABPPR05UYRU,Language study,A 15-minute study where you answer checkbox questions,language research tuebingen fun cognitive science university,$0.80,Mo Jun 26 01:45:27 MESZ 2017,5,0,0,5,Reviewable,NotReviewed,1 cond,1800,30000,Mi Jul 26 01:45:27 MESZ 2017,https://requester.mturk.com/mturk/manageHIT?HITId=3R15W654VD141F4XQPN3SBKX1W8QLS,3JPSL1DZ5T75PJYV38BY3N515Q9NAK,4,Approved,Mo Jun 26 10:57:04 MESZ 2017,Mo Jun 26 02:19:53 MESZ 2017,Mo Jun 26 02:37:04 MESZ 2017,Mo Jun 26 10:57:45 MESZ 2017,,,,,{},10.508716666666666,[]
4,12708,white,black,25,"[u'a small amount', u'almost none', u'a few', u'less than half', u'less']",5,26,english,no,english,1,Male,36,,none,Yes,2,Windows,768,1366,Chrome,3R15W654VD141F4XQPN3SBKX1W8QLS,3PS3UFWQYKB837ZFGB6ABPPR05UYRU,Language study,A 15-minute study where you answer checkbox questions,language research tuebingen fun cognitive science university,$0.80,Mo Jun 26 01:45:27 MESZ 2017,5,0,0,5,Reviewable,NotReviewed,1 cond,1800,30000,Mi Jul 26 01:45:27 MESZ 2017,https://requester.mturk.com/mturk/manageHIT?HITId=3R15W654VD141F4XQPN3SBKX1W8QLS,3JPSL1DZ5T75PJYV38BY3N515Q9NAK,4,Approved,Mo Jun 26 10:57:04 MESZ 2017,Mo Jun 26 02:19:53 MESZ 2017,Mo Jun 26 02:37:04 MESZ 2017,Mo Jun 26 10:57:45 MESZ 2017,,,,,{},10.508716666666666,[]
4,36673,white,black,100,"[u'many', u'a good deal', u'several', u'half']",52,27,english,no,english,1,Male,36,,none,Yes,2,Windows,768,1366,Chrome,3R15W654VD141F4XQPN3SBKX1W8QLS,3PS3UFWQYKB837ZFGB6ABPPR05UYRU,Language study,A 15-minute study where you answer checkbox questions,language research tuebingen fun cognitive science university,$0.80,Mo Jun 26 01:45:27 MESZ 2017,5,0,0,5,Reviewable,NotReviewed,1 cond,1800,30000,Mi Jul 26 01:45:27 MESZ 2017,https://requester.mturk.com/mturk/manageHIT?HITId=3R15W654VD141F4XQPN3SBKX1W8QLS,3JPSL1DZ5T75PJYV38BY3N515Q9NAK,4,Approved,Mo Jun 26 10:57:04 MESZ 2017,Mo Jun 26 02:19:53 MESZ 2017,Mo Jun 26 02:37:04 MESZ 2017,Mo Jun 26 10:57:45 MESZ 2017,,,,,{},10.508716666666666,[]
