workerid,rt,color_other,color_target,n_total,target_quantifier,response,n_target,slide_number_in_experiment,count,colorblind,enjoyment,gender,age,comments,languages,asses,education,OS,screenH,screenW,Browser,hitid,hittypeid,title,description,keywords,reward,creationtime,assignments,numavailable,numpending,numcomplete,hitstatus,reviewstatus,annotation,assignmentduration,autoapprovaldelay,hitlifetime,viewhit,assignmentid,workerid,assignmentstatus,autoapprovaltime,assignmentaccepttime,assignmentsubmittime,assignmentapprovaltime,assignmentrejecttime,deadline,feedback,reject,Answer.condition,Answer.time_in_minutes,Answer.catch_trials,Answer.language_information
0,53911,white,black,10,a few,[u'@keli@ ta\u0161kai yra juodi'],3,5,Lithuanian,no,2,Male,27,,"English, Russian",Yes,2,Windows,1050,1680,Chrome,3O2Y2UIUCQ2WQKW6R9081C3453MKFZ,37V5OWJ68WXGWF9X6GMUIECYCW6LVL,Language study,A 10-minute language study for non-native English speakers,language research tuebingen fun cognitive science university,$0.50,Do Jul 06 21:03:03 MESZ 2017,9,0,0,0,Reviewable,NotReviewed,1 cond,1800,30000,Sa Aug 05 21:03:03 MESZ 2017,https://requester.mturk.com/mturk/manageHIT?HITId=3O2Y2UIUCQ2WQKW6R9081C3453MKFZ,3OSWBBLG1F58ZKFBPOP9RQ45T5XDXA,0,Submitted,Fr Jul 07 05:32:06 MESZ 2017,Do Jul 06 21:04:14 MESZ 2017,Do Jul 06 21:12:06 MESZ 2017,,,,,,{},6.59595,[],"{""country_of_birth"":""Lithuania"",""country_of_residence"":""Lithuania"",""native_language"":""Lithuanian"",""father_country_of_birth"":""Ukraine"",""mother_country_of_birth"":""Belarus"",""childhood_language"":""Russian"",""preferred_language"":""Lithuanian""}"
0,31655,white,black,10,none,[u'@jokie@ ta\u0161kai n\u0117ra juodi'],0,6,Lithuanian,no,2,Male,27,,"English, Russian",Yes,2,Windows,1050,1680,Chrome,3O2Y2UIUCQ2WQKW6R9081C3453MKFZ,37V5OWJ68WXGWF9X6GMUIECYCW6LVL,Language study,A 10-minute language study for non-native English speakers,language research tuebingen fun cognitive science university,$0.50,Do Jul 06 21:03:03 MESZ 2017,9,0,0,0,Reviewable,NotReviewed,1 cond,1800,30000,Sa Aug 05 21:03:03 MESZ 2017,https://requester.mturk.com/mturk/manageHIT?HITId=3O2Y2UIUCQ2WQKW6R9081C3453MKFZ,3OSWBBLG1F58ZKFBPOP9RQ45T5XDXA,0,Submitted,Fr Jul 07 05:32:06 MESZ 2017,Do Jul 06 21:04:14 MESZ 2017,Do Jul 06 21:12:06 MESZ 2017,,,,,,{},6.59595,[],"{""country_of_birth"":""Lithuania"",""country_of_residence"":""Lithuania"",""native_language"":""Lithuanian"",""father_country_of_birth"":""Ukraine"",""mother_country_of_birth"":""Belarus"",""childhood_language"":""Russian"",""preferred_language"":""Lithuanian""}"
0,27816,white,black,25,less than half,[u'@ma\u017eiau nei pus\u0117@ ta\u0161k\u0173 yra juodi'],8,7,Lithuanian,no,2,Male,27,,"English, Russian",Yes,2,Windows,1050,1680,Chrome,3O2Y2UIUCQ2WQKW6R9081C3453MKFZ,37V5OWJ68WXGWF9X6GMUIECYCW6LVL,Language study,A 10-minute language study for non-native English speakers,language research tuebingen fun cognitive science university,$0.50,Do Jul 06 21:03:03 MESZ 2017,9,0,0,0,Reviewable,NotReviewed,1 cond,1800,30000,Sa Aug 05 21:03:03 MESZ 2017,https://requester.mturk.com/mturk/manageHIT?HITId=3O2Y2UIUCQ2WQKW6R9081C3453MKFZ,3OSWBBLG1F58ZKFBPOP9RQ45T5XDXA,0,Submitted,Fr Jul 07 05:32:06 MESZ 2017,Do Jul 06 21:04:14 MESZ 2017,Do Jul 06 21:12:06 MESZ 2017,,,,,,{},6.59595,[],"{""country_of_birth"":""Lithuania"",""country_of_residence"":""Lithuania"",""native_language"":""Lithuanian"",""father_country_of_birth"":""Ukraine"",""mother_country_of_birth"":""Belarus"",""childhood_language"":""Russian"",""preferred_language"":""Lithuanian""}"
0,18239,black,white,100,almost all,[u'@beveik visi@ ta\u0161kai yra balti'],90,8,Lithuanian,no,2,Male,27,,"English, Russian",Yes,2,Windows,1050,1680,Chrome,3O2Y2UIUCQ2WQKW6R9081C3453MKFZ,37V5OWJ68WXGWF9X6GMUIECYCW6LVL,Language study,A 10-minute language study for non-native English speakers,language research tuebingen fun cognitive science university,$0.50,Do Jul 06 21:03:03 MESZ 2017,9,0,0,0,Reviewable,NotReviewed,1 cond,1800,30000,Sa Aug 05 21:03:03 MESZ 2017,https://requester.mturk.com/mturk/manageHIT?HITId=3O2Y2UIUCQ2WQKW6R9081C3453MKFZ,3OSWBBLG1F58ZKFBPOP9RQ45T5XDXA,0,Submitted,Fr Jul 07 05:32:06 MESZ 2017,Do Jul 06 21:04:14 MESZ 2017,Do Jul 06 21:12:06 MESZ 2017,,,,,,{},6.59595,[],"{""country_of_birth"":""Lithuania"",""country_of_residence"":""Lithuania"",""native_language"":""Lithuanian"",""father_country_of_birth"":""Ukraine"",""mother_country_of_birth"":""Belarus"",""childhood_language"":""Russian"",""preferred_language"":""Lithuanian""}"
0,18936,white,black,100,some,[u'@kai kurie@ ta\u0161kai yra juodi.'],25,9,Lithuanian,no,2,Male,27,,"English, Russian",Yes,2,Windows,1050,1680,Chrome,3O2Y2UIUCQ2WQKW6R9081C3453MKFZ,37V5OWJ68WXGWF9X6GMUIECYCW6LVL,Language study,A 10-minute language study for non-native English speakers,language research tuebingen fun cognitive science university,$0.50,Do Jul 06 21:03:03 MESZ 2017,9,0,0,0,Reviewable,NotReviewed,1 cond,1800,30000,Sa Aug 05 21:03:03 MESZ 2017,https://requester.mturk.com/mturk/manageHIT?HITId=3O2Y2UIUCQ2WQKW6R9081C3453MKFZ,3OSWBBLG1F58ZKFBPOP9RQ45T5XDXA,0,Submitted,Fr Jul 07 05:32:06 MESZ 2017,Do Jul 06 21:04:14 MESZ 2017,Do Jul 06 21:12:06 MESZ 2017,,,,,,{},6.59595,[],"{""country_of_birth"":""Lithuania"",""country_of_residence"":""Lithuania"",""native_language"":""Lithuanian"",""father_country_of_birth"":""Ukraine"",""mother_country_of_birth"":""Belarus"",""childhood_language"":""Russian"",""preferred_language"":""Lithuanian""}"
0,15163,white,black,10,two,[u'@du@ ta\u0161kai yra juodi.'],2,10,Lithuanian,no,2,Male,27,,"English, Russian",Yes,2,Windows,1050,1680,Chrome,3O2Y2UIUCQ2WQKW6R9081C3453MKFZ,37V5OWJ68WXGWF9X6GMUIECYCW6LVL,Language study,A 10-minute language study for non-native English speakers,language research tuebingen fun cognitive science university,$0.50,Do Jul 06 21:03:03 MESZ 2017,9,0,0,0,Reviewable,NotReviewed,1 cond,1800,30000,Sa Aug 05 21:03:03 MESZ 2017,https://requester.mturk.com/mturk/manageHIT?HITId=3O2Y2UIUCQ2WQKW6R9081C3453MKFZ,3OSWBBLG1F58ZKFBPOP9RQ45T5XDXA,0,Submitted,Fr Jul 07 05:32:06 MESZ 2017,Do Jul 06 21:04:14 MESZ 2017,Do Jul 06 21:12:06 MESZ 2017,,,,,,{},6.59595,[],"{""country_of_birth"":""Lithuania"",""country_of_residence"":""Lithuania"",""native_language"":""Lithuanian"",""father_country_of_birth"":""Ukraine"",""mother_country_of_birth"":""Belarus"",""childhood_language"":""Russian"",""preferred_language"":""Lithuanian""}"
0,17906,black,white,10,half,[u'@pus\u0117@ ta\u0161k\u0173 yra balti.'],5,11,Lithuanian,no,2,Male,27,,"English, Russian",Yes,2,Windows,1050,1680,Chrome,3O2Y2UIUCQ2WQKW6R9081C3453MKFZ,37V5OWJ68WXGWF9X6GMUIECYCW6LVL,Language study,A 10-minute language study for non-native English speakers,language research tuebingen fun cognitive science university,$0.50,Do Jul 06 21:03:03 MESZ 2017,9,0,0,0,Reviewable,NotReviewed,1 cond,1800,30000,Sa Aug 05 21:03:03 MESZ 2017,https://requester.mturk.com/mturk/manageHIT?HITId=3O2Y2UIUCQ2WQKW6R9081C3453MKFZ,3OSWBBLG1F58ZKFBPOP9RQ45T5XDXA,0,Submitted,Fr Jul 07 05:32:06 MESZ 2017,Do Jul 06 21:04:14 MESZ 2017,Do Jul 06 21:12:06 MESZ 2017,,,,,,{},6.59595,[],"{""country_of_birth"":""Lithuania"",""country_of_residence"":""Lithuania"",""native_language"":""Lithuanian"",""father_country_of_birth"":""Ukraine"",""mother_country_of_birth"":""Belarus"",""childhood_language"":""Russian"",""preferred_language"":""Lithuanian""}"
0,11872,white,black,100,many,[u'@dauguma@ ta\u0161k\u0173 yra juodi.'],65,12,Lithuanian,no,2,Male,27,,"English, Russian",Yes,2,Windows,1050,1680,Chrome,3O2Y2UIUCQ2WQKW6R9081C3453MKFZ,37V5OWJ68WXGWF9X6GMUIECYCW6LVL,Language study,A 10-minute language study for non-native English speakers,language research tuebingen fun cognitive science university,$0.50,Do Jul 06 21:03:03 MESZ 2017,9,0,0,0,Reviewable,NotReviewed,1 cond,1800,30000,Sa Aug 05 21:03:03 MESZ 2017,https://requester.mturk.com/mturk/manageHIT?HITId=3O2Y2UIUCQ2WQKW6R9081C3453MKFZ,3OSWBBLG1F58ZKFBPOP9RQ45T5XDXA,0,Submitted,Fr Jul 07 05:32:06 MESZ 2017,Do Jul 06 21:04:14 MESZ 2017,Do Jul 06 21:12:06 MESZ 2017,,,,,,{},6.59595,[],"{""country_of_birth"":""Lithuania"",""country_of_residence"":""Lithuania"",""native_language"":""Lithuanian"",""father_country_of_birth"":""Ukraine"",""mother_country_of_birth"":""Belarus"",""childhood_language"":""Russian"",""preferred_language"":""Lithuanian""}"
0,9960,black,white,100,all,[u'@visi@ ta\u0161kai yra balti.'],100,13,Lithuanian,no,2,Male,27,,"English, Russian",Yes,2,Windows,1050,1680,Chrome,3O2Y2UIUCQ2WQKW6R9081C3453MKFZ,37V5OWJ68WXGWF9X6GMUIECYCW6LVL,Language study,A 10-minute language study for non-native English speakers,language research tuebingen fun cognitive science university,$0.50,Do Jul 06 21:03:03 MESZ 2017,9,0,0,0,Reviewable,NotReviewed,1 cond,1800,30000,Sa Aug 05 21:03:03 MESZ 2017,https://requester.mturk.com/mturk/manageHIT?HITId=3O2Y2UIUCQ2WQKW6R9081C3453MKFZ,3OSWBBLG1F58ZKFBPOP9RQ45T5XDXA,0,Submitted,Fr Jul 07 05:32:06 MESZ 2017,Do Jul 06 21:04:14 MESZ 2017,Do Jul 06 21:12:06 MESZ 2017,,,,,,{},6.59595,[],"{""country_of_birth"":""Lithuania"",""country_of_residence"":""Lithuania"",""native_language"":""Lithuanian"",""father_country_of_birth"":""Ukraine"",""mother_country_of_birth"":""Belarus"",""childhood_language"":""Russian"",""preferred_language"":""Lithuanian""}"
0,15400,black,white,100,most,[u'@dauguma@ ta\u0161k\u0173 yra balti.'],75,14,Lithuanian,no,2,Male,27,,"English, Russian",Yes,2,Windows,1050,1680,Chrome,3O2Y2UIUCQ2WQKW6R9081C3453MKFZ,37V5OWJ68WXGWF9X6GMUIECYCW6LVL,Language study,A 10-minute language study for non-native English speakers,language research tuebingen fun cognitive science university,$0.50,Do Jul 06 21:03:03 MESZ 2017,9,0,0,0,Reviewable,NotReviewed,1 cond,1800,30000,Sa Aug 05 21:03:03 MESZ 2017,https://requester.mturk.com/mturk/manageHIT?HITId=3O2Y2UIUCQ2WQKW6R9081C3453MKFZ,3OSWBBLG1F58ZKFBPOP9RQ45T5XDXA,0,Submitted,Fr Jul 07 05:32:06 MESZ 2017,Do Jul 06 21:04:14 MESZ 2017,Do Jul 06 21:12:06 MESZ 2017,,,,,,{},6.59595,[],"{""country_of_birth"":""Lithuania"",""country_of_residence"":""Lithuania"",""native_language"":""Lithuanian"",""father_country_of_birth"":""Ukraine"",""mother_country_of_birth"":""Belarus"",""childhood_language"":""Russian"",""preferred_language"":""Lithuanian""}"
1,21638,white,black,100,most,[u'@most@ of the dots are black'],75,5,none,no,0,Male,25,no,none,Yes,2,Windows,1440,2560,Chrome,3O2Y2UIUCQ2WQKW6R9081C3453MKFZ,37V5OWJ68WXGWF9X6GMUIECYCW6LVL,Language study,A 10-minute language study for non-native English speakers,language research tuebingen fun cognitive science university,$0.50,Do Jul 06 21:03:03 MESZ 2017,9,0,0,0,Reviewable,NotReviewed,1 cond,1800,30000,Sa Aug 05 21:03:03 MESZ 2017,https://requester.mturk.com/mturk/manageHIT?HITId=3O2Y2UIUCQ2WQKW6R9081C3453MKFZ,3GGAI1SQEW6N0GATBLSPW36P111CMP,1,Submitted,Fr Jul 07 05:33:11 MESZ 2017,Do Jul 06 21:09:30 MESZ 2017,Do Jul 06 21:13:11 MESZ 2017,,,,,,{},1.8530666666666666,[],"{""country_of_birth"":""usa"",""country_of_residence"":""usa"",""native_language"":""english"",""father_country_of_birth"":""usa"",""mother_country_of_birth"":""usa"",""childhood_language"":""english"",""preferred_language"":""english""}"
1,8585,black,white,10,a few,[u'@a few@ of the dots are black'],3,6,none,no,0,Male,25,no,none,Yes,2,Windows,1440,2560,Chrome,3O2Y2UIUCQ2WQKW6R9081C3453MKFZ,37V5OWJ68WXGWF9X6GMUIECYCW6LVL,Language study,A 10-minute language study for non-native English speakers,language research tuebingen fun cognitive science university,$0.50,Do Jul 06 21:03:03 MESZ 2017,9,0,0,0,Reviewable,NotReviewed,1 cond,1800,30000,Sa Aug 05 21:03:03 MESZ 2017,https://requester.mturk.com/mturk/manageHIT?HITId=3O2Y2UIUCQ2WQKW6R9081C3453MKFZ,3GGAI1SQEW6N0GATBLSPW36P111CMP,1,Submitted,Fr Jul 07 05:33:11 MESZ 2017,Do Jul 06 21:09:30 MESZ 2017,Do Jul 06 21:13:11 MESZ 2017,,,,,,{},1.8530666666666666,[],"{""country_of_birth"":""usa"",""country_of_residence"":""usa"",""native_language"":""english"",""father_country_of_birth"":""usa"",""mother_country_of_birth"":""usa"",""childhood_language"":""english"",""preferred_language"":""english""}"
1,6143,white,black,100,all,[u'@all@ of these are black'],100,7,none,no,0,Male,25,no,none,Yes,2,Windows,1440,2560,Chrome,3O2Y2UIUCQ2WQKW6R9081C3453MKFZ,37V5OWJ68WXGWF9X6GMUIECYCW6LVL,Language study,A 10-minute language study for non-native English speakers,language research tuebingen fun cognitive science university,$0.50,Do Jul 06 21:03:03 MESZ 2017,9,0,0,0,Reviewable,NotReviewed,1 cond,1800,30000,Sa Aug 05 21:03:03 MESZ 2017,https://requester.mturk.com/mturk/manageHIT?HITId=3O2Y2UIUCQ2WQKW6R9081C3453MKFZ,3GGAI1SQEW6N0GATBLSPW36P111CMP,1,Submitted,Fr Jul 07 05:33:11 MESZ 2017,Do Jul 06 21:09:30 MESZ 2017,Do Jul 06 21:13:11 MESZ 2017,,,,,,{},1.8530666666666666,[],"{""country_of_birth"":""usa"",""country_of_residence"":""usa"",""native_language"":""english"",""father_country_of_birth"":""usa"",""mother_country_of_birth"":""usa"",""childhood_language"":""english"",""preferred_language"":""english""}"
1,5768,black,white,10,half,[u'@half@ are white'],5,8,none,no,0,Male,25,no,none,Yes,2,Windows,1440,2560,Chrome,3O2Y2UIUCQ2WQKW6R9081C3453MKFZ,37V5OWJ68WXGWF9X6GMUIECYCW6LVL,Language study,A 10-minute language study for non-native English speakers,language research tuebingen fun cognitive science university,$0.50,Do Jul 06 21:03:03 MESZ 2017,9,0,0,0,Reviewable,NotReviewed,1 cond,1800,30000,Sa Aug 05 21:03:03 MESZ 2017,https://requester.mturk.com/mturk/manageHIT?HITId=3O2Y2UIUCQ2WQKW6R9081C3453MKFZ,3GGAI1SQEW6N0GATBLSPW36P111CMP,1,Submitted,Fr Jul 07 05:33:11 MESZ 2017,Do Jul 06 21:09:30 MESZ 2017,Do Jul 06 21:13:11 MESZ 2017,,,,,,{},1.8530666666666666,[],"{""country_of_birth"":""usa"",""country_of_residence"":""usa"",""native_language"":""english"",""father_country_of_birth"":""usa"",""mother_country_of_birth"":""usa"",""childhood_language"":""english"",""preferred_language"":""english""}"
1,11058,white,black,25,less than half,[u'@less than half@ are black'],8,9,none,no,0,Male,25,no,none,Yes,2,Windows,1440,2560,Chrome,3O2Y2UIUCQ2WQKW6R9081C3453MKFZ,37V5OWJ68WXGWF9X6GMUIECYCW6LVL,Language study,A 10-minute language study for non-native English speakers,language research tuebingen fun cognitive science university,$0.50,Do Jul 06 21:03:03 MESZ 2017,9,0,0,0,Reviewable,NotReviewed,1 cond,1800,30000,Sa Aug 05 21:03:03 MESZ 2017,https://requester.mturk.com/mturk/manageHIT?HITId=3O2Y2UIUCQ2WQKW6R9081C3453MKFZ,3GGAI1SQEW6N0GATBLSPW36P111CMP,1,Submitted,Fr Jul 07 05:33:11 MESZ 2017,Do Jul 06 21:09:30 MESZ 2017,Do Jul 06 21:13:11 MESZ 2017,,,,,,{},1.8530666666666666,[],"{""country_of_birth"":""usa"",""country_of_residence"":""usa"",""native_language"":""english"",""father_country_of_birth"":""usa"",""mother_country_of_birth"":""usa"",""childhood_language"":""english"",""preferred_language"":""english""}"
1,10008,black,white,10,none,[u'@no@ white dots'],0,10,none,no,0,Male,25,no,none,Yes,2,Windows,1440,2560,Chrome,3O2Y2UIUCQ2WQKW6R9081C3453MKFZ,37V5OWJ68WXGWF9X6GMUIECYCW6LVL,Language study,A 10-minute language study for non-native English speakers,language research tuebingen fun cognitive science university,$0.50,Do Jul 06 21:03:03 MESZ 2017,9,0,0,0,Reviewable,NotReviewed,1 cond,1800,30000,Sa Aug 05 21:03:03 MESZ 2017,https://requester.mturk.com/mturk/manageHIT?HITId=3O2Y2UIUCQ2WQKW6R9081C3453MKFZ,3GGAI1SQEW6N0GATBLSPW36P111CMP,1,Submitted,Fr Jul 07 05:33:11 MESZ 2017,Do Jul 06 21:09:30 MESZ 2017,Do Jul 06 21:13:11 MESZ 2017,,,,,,{},1.8530666666666666,[],"{""country_of_birth"":""usa"",""country_of_residence"":""usa"",""native_language"":""english"",""father_country_of_birth"":""usa"",""mother_country_of_birth"":""usa"",""childhood_language"":""english"",""preferred_language"":""english""}"
1,6041,white,black,100,some,[u'@some@ of these are black'],25,11,none,no,0,Male,25,no,none,Yes,2,Windows,1440,2560,Chrome,3O2Y2UIUCQ2WQKW6R9081C3453MKFZ,37V5OWJ68WXGWF9X6GMUIECYCW6LVL,Language study,A 10-minute language study for non-native English speakers,language research tuebingen fun cognitive science university,$0.50,Do Jul 06 21:03:03 MESZ 2017,9,0,0,0,Reviewable,NotReviewed,1 cond,1800,30000,Sa Aug 05 21:03:03 MESZ 2017,https://requester.mturk.com/mturk/manageHIT?HITId=3O2Y2UIUCQ2WQKW6R9081C3453MKFZ,3GGAI1SQEW6N0GATBLSPW36P111CMP,1,Submitted,Fr Jul 07 05:33:11 MESZ 2017,Do Jul 06 21:09:30 MESZ 2017,Do Jul 06 21:13:11 MESZ 2017,,,,,,{},1.8530666666666666,[],"{""country_of_birth"":""usa"",""country_of_residence"":""usa"",""native_language"":""english"",""father_country_of_birth"":""usa"",""mother_country_of_birth"":""usa"",""childhood_language"":""english"",""preferred_language"":""english""}"
1,5340,black,white,100,almost all,[u'@almost all@ are white'],90,12,none,no,0,Male,25,no,none,Yes,2,Windows,1440,2560,Chrome,3O2Y2UIUCQ2WQKW6R9081C3453MKFZ,37V5OWJ68WXGWF9X6GMUIECYCW6LVL,Language study,A 10-minute language study for non-native English speakers,language research tuebingen fun cognitive science university,$0.50,Do Jul 06 21:03:03 MESZ 2017,9,0,0,0,Reviewable,NotReviewed,1 cond,1800,30000,Sa Aug 05 21:03:03 MESZ 2017,https://requester.mturk.com/mturk/manageHIT?HITId=3O2Y2UIUCQ2WQKW6R9081C3453MKFZ,3GGAI1SQEW6N0GATBLSPW36P111CMP,1,Submitted,Fr Jul 07 05:33:11 MESZ 2017,Do Jul 06 21:09:30 MESZ 2017,Do Jul 06 21:13:11 MESZ 2017,,,,,,{},1.8530666666666666,[],"{""country_of_birth"":""usa"",""country_of_residence"":""usa"",""native_language"":""english"",""father_country_of_birth"":""usa"",""mother_country_of_birth"":""usa"",""childhood_language"":""english"",""preferred_language"":""english""}"
1,6600,white,black,100,many,[u'@many@ are black'],65,13,none,no,0,Male,25,no,none,Yes,2,Windows,1440,2560,Chrome,3O2Y2UIUCQ2WQKW6R9081C3453MKFZ,37V5OWJ68WXGWF9X6GMUIECYCW6LVL,Language study,A 10-minute language study for non-native English speakers,language research tuebingen fun cognitive science university,$0.50,Do Jul 06 21:03:03 MESZ 2017,9,0,0,0,Reviewable,NotReviewed,1 cond,1800,30000,Sa Aug 05 21:03:03 MESZ 2017,https://requester.mturk.com/mturk/manageHIT?HITId=3O2Y2UIUCQ2WQKW6R9081C3453MKFZ,3GGAI1SQEW6N0GATBLSPW36P111CMP,1,Submitted,Fr Jul 07 05:33:11 MESZ 2017,Do Jul 06 21:09:30 MESZ 2017,Do Jul 06 21:13:11 MESZ 2017,,,,,,{},1.8530666666666666,[],"{""country_of_birth"":""usa"",""country_of_residence"":""usa"",""native_language"":""english"",""father_country_of_birth"":""usa"",""mother_country_of_birth"":""usa"",""childhood_language"":""english"",""preferred_language"":""english""}"
1,4240,black,white,10,two,[u'@two@ white dots'],2,14,none,no,0,Male,25,no,none,Yes,2,Windows,1440,2560,Chrome,3O2Y2UIUCQ2WQKW6R9081C3453MKFZ,37V5OWJ68WXGWF9X6GMUIECYCW6LVL,Language study,A 10-minute language study for non-native English speakers,language research tuebingen fun cognitive science university,$0.50,Do Jul 06 21:03:03 MESZ 2017,9,0,0,0,Reviewable,NotReviewed,1 cond,1800,30000,Sa Aug 05 21:03:03 MESZ 2017,https://requester.mturk.com/mturk/manageHIT?HITId=3O2Y2UIUCQ2WQKW6R9081C3453MKFZ,3GGAI1SQEW6N0GATBLSPW36P111CMP,1,Submitted,Fr Jul 07 05:33:11 MESZ 2017,Do Jul 06 21:09:30 MESZ 2017,Do Jul 06 21:13:11 MESZ 2017,,,,,,{},1.8530666666666666,[],"{""country_of_birth"":""usa"",""country_of_residence"":""usa"",""native_language"":""english"",""father_country_of_birth"":""usa"",""mother_country_of_birth"":""usa"",""childhood_language"":""english"",""preferred_language"":""english""}"
2,96233,white,black,100,almost all,"[u'@almost all@ of the dots are black', u'@A few@ of the dots are white', u'@most@ of the dots are black']",90,5,English,no,2,Male,43,,none,Yes,2,Windows,1080,1920,Chrome,3O2Y2UIUCQ2WQKW6R9081C3453MKFZ,37V5OWJ68WXGWF9X6GMUIECYCW6LVL,Language study,A 10-minute language study for non-native English speakers,language research tuebingen fun cognitive science university,$0.50,Do Jul 06 21:03:03 MESZ 2017,9,0,0,0,Reviewable,NotReviewed,1 cond,1800,30000,Sa Aug 05 21:03:03 MESZ 2017,https://requester.mturk.com/mturk/manageHIT?HITId=3O2Y2UIUCQ2WQKW6R9081C3453MKFZ,3R6P78PK7LJ4UNGIM4PK88MWT1PGT4,2,Submitted,Fr Jul 07 05:34:19 MESZ 2017,Do Jul 06 21:05:38 MESZ 2017,Do Jul 06 21:14:19 MESZ 2017,,,,,,{},8.116616666666667,[],"{""country_of_birth"":""United States"",""country_of_residence"":""United States"",""native_language"":""English"",""father_country_of_birth"":""United States"",""mother_country_of_birth"":""United States"",""childhood_language"":""English"",""preferred_language"":""English""}"
2,25342,white,black,100,many,[u'@Most@ of the dots are black'],65,6,English,no,2,Male,43,,none,Yes,2,Windows,1080,1920,Chrome,3O2Y2UIUCQ2WQKW6R9081C3453MKFZ,37V5OWJ68WXGWF9X6GMUIECYCW6LVL,Language study,A 10-minute language study for non-native English speakers,language research tuebingen fun cognitive science university,$0.50,Do Jul 06 21:03:03 MESZ 2017,9,0,0,0,Reviewable,NotReviewed,1 cond,1800,30000,Sa Aug 05 21:03:03 MESZ 2017,https://requester.mturk.com/mturk/manageHIT?HITId=3O2Y2UIUCQ2WQKW6R9081C3453MKFZ,3R6P78PK7LJ4UNGIM4PK88MWT1PGT4,2,Submitted,Fr Jul 07 05:34:19 MESZ 2017,Do Jul 06 21:05:38 MESZ 2017,Do Jul 06 21:14:19 MESZ 2017,,,,,,{},8.116616666666667,[],"{""country_of_birth"":""United States"",""country_of_residence"":""United States"",""native_language"":""English"",""father_country_of_birth"":""United States"",""mother_country_of_birth"":""United States"",""childhood_language"":""English"",""preferred_language"":""English""}"
2,36514,white,black,100,some,"[u'@a few@ of the dots are black', u'@several@ of the dots are black']",25,7,English,no,2,Male,43,,none,Yes,2,Windows,1080,1920,Chrome,3O2Y2UIUCQ2WQKW6R9081C3453MKFZ,37V5OWJ68WXGWF9X6GMUIECYCW6LVL,Language study,A 10-minute language study for non-native English speakers,language research tuebingen fun cognitive science university,$0.50,Do Jul 06 21:03:03 MESZ 2017,9,0,0,0,Reviewable,NotReviewed,1 cond,1800,30000,Sa Aug 05 21:03:03 MESZ 2017,https://requester.mturk.com/mturk/manageHIT?HITId=3O2Y2UIUCQ2WQKW6R9081C3453MKFZ,3R6P78PK7LJ4UNGIM4PK88MWT1PGT4,2,Submitted,Fr Jul 07 05:34:19 MESZ 2017,Do Jul 06 21:05:38 MESZ 2017,Do Jul 06 21:14:19 MESZ 2017,,,,,,{},8.116616666666667,[],"{""country_of_birth"":""United States"",""country_of_residence"":""United States"",""native_language"":""English"",""father_country_of_birth"":""United States"",""mother_country_of_birth"":""United States"",""childhood_language"":""English"",""preferred_language"":""English""}"
2,45070,black,white,100,all,"[u'@each@ of the dots are white', u'@none@ of the dots are black']",100,8,English,no,2,Male,43,,none,Yes,2,Windows,1080,1920,Chrome,3O2Y2UIUCQ2WQKW6R9081C3453MKFZ,37V5OWJ68WXGWF9X6GMUIECYCW6LVL,Language study,A 10-minute language study for non-native English speakers,language research tuebingen fun cognitive science university,$0.50,Do Jul 06 21:03:03 MESZ 2017,9,0,0,0,Reviewable,NotReviewed,1 cond,1800,30000,Sa Aug 05 21:03:03 MESZ 2017,https://requester.mturk.com/mturk/manageHIT?HITId=3O2Y2UIUCQ2WQKW6R9081C3453MKFZ,3R6P78PK7LJ4UNGIM4PK88MWT1PGT4,2,Submitted,Fr Jul 07 05:34:19 MESZ 2017,Do Jul 06 21:05:38 MESZ 2017,Do Jul 06 21:14:19 MESZ 2017,,,,,,{},8.116616666666667,[],"{""country_of_birth"":""United States"",""country_of_residence"":""United States"",""native_language"":""English"",""father_country_of_birth"":""United States"",""mother_country_of_birth"":""United States"",""childhood_language"":""English"",""preferred_language"":""English""}"
2,21575,black,white,10,a few,[u'@some@ of the dots are white'],3,9,English,no,2,Male,43,,none,Yes,2,Windows,1080,1920,Chrome,3O2Y2UIUCQ2WQKW6R9081C3453MKFZ,37V5OWJ68WXGWF9X6GMUIECYCW6LVL,Language study,A 10-minute language study for non-native English speakers,language research tuebingen fun cognitive science university,$0.50,Do Jul 06 21:03:03 MESZ 2017,9,0,0,0,Reviewable,NotReviewed,1 cond,1800,30000,Sa Aug 05 21:03:03 MESZ 2017,https://requester.mturk.com/mturk/manageHIT?HITId=3O2Y2UIUCQ2WQKW6R9081C3453MKFZ,3R6P78PK7LJ4UNGIM4PK88MWT1PGT4,2,Submitted,Fr Jul 07 05:34:19 MESZ 2017,Do Jul 06 21:05:38 MESZ 2017,Do Jul 06 21:14:19 MESZ 2017,,,,,,{},8.116616666666667,[],"{""country_of_birth"":""United States"",""country_of_residence"":""United States"",""native_language"":""English"",""father_country_of_birth"":""United States"",""mother_country_of_birth"":""United States"",""childhood_language"":""English"",""preferred_language"":""English""}"
2,23842,white,black,100,most,[u'@Nearly all@ of the dots are black'],75,10,English,no,2,Male,43,,none,Yes,2,Windows,1080,1920,Chrome,3O2Y2UIUCQ2WQKW6R9081C3453MKFZ,37V5OWJ68WXGWF9X6GMUIECYCW6LVL,Language study,A 10-minute language study for non-native English speakers,language research tuebingen fun cognitive science university,$0.50,Do Jul 06 21:03:03 MESZ 2017,9,0,0,0,Reviewable,NotReviewed,1 cond,1800,30000,Sa Aug 05 21:03:03 MESZ 2017,https://requester.mturk.com/mturk/manageHIT?HITId=3O2Y2UIUCQ2WQKW6R9081C3453MKFZ,3R6P78PK7LJ4UNGIM4PK88MWT1PGT4,2,Submitted,Fr Jul 07 05:34:19 MESZ 2017,Do Jul 06 21:05:38 MESZ 2017,Do Jul 06 21:14:19 MESZ 2017,,,,,,{},8.116616666666667,[],"{""country_of_birth"":""United States"",""country_of_residence"":""United States"",""native_language"":""English"",""father_country_of_birth"":""United States"",""mother_country_of_birth"":""United States"",""childhood_language"":""English"",""preferred_language"":""English""}"
2,51505,white,black,10,half,"[u'@some@ of the dots are black', u'@half@ of the dots are white']",5,11,English,no,2,Male,43,,none,Yes,2,Windows,1080,1920,Chrome,3O2Y2UIUCQ2WQKW6R9081C3453MKFZ,37V5OWJ68WXGWF9X6GMUIECYCW6LVL,Language study,A 10-minute language study for non-native English speakers,language research tuebingen fun cognitive science university,$0.50,Do Jul 06 21:03:03 MESZ 2017,9,0,0,0,Reviewable,NotReviewed,1 cond,1800,30000,Sa Aug 05 21:03:03 MESZ 2017,https://requester.mturk.com/mturk/manageHIT?HITId=3O2Y2UIUCQ2WQKW6R9081C3453MKFZ,3R6P78PK7LJ4UNGIM4PK88MWT1PGT4,2,Submitted,Fr Jul 07 05:34:19 MESZ 2017,Do Jul 06 21:05:38 MESZ 2017,Do Jul 06 21:14:19 MESZ 2017,,,,,,{},8.116616666666667,[],"{""country_of_birth"":""United States"",""country_of_residence"":""United States"",""native_language"":""English"",""father_country_of_birth"":""United States"",""mother_country_of_birth"":""United States"",""childhood_language"":""English"",""preferred_language"":""English""}"
2,23788,black,white,10,two,[u'@most@ of the dots are black'],2,12,English,no,2,Male,43,,none,Yes,2,Windows,1080,1920,Chrome,3O2Y2UIUCQ2WQKW6R9081C3453MKFZ,37V5OWJ68WXGWF9X6GMUIECYCW6LVL,Language study,A 10-minute language study for non-native English speakers,language research tuebingen fun cognitive science university,$0.50,Do Jul 06 21:03:03 MESZ 2017,9,0,0,0,Reviewable,NotReviewed,1 cond,1800,30000,Sa Aug 05 21:03:03 MESZ 2017,https://requester.mturk.com/mturk/manageHIT?HITId=3O2Y2UIUCQ2WQKW6R9081C3453MKFZ,3R6P78PK7LJ4UNGIM4PK88MWT1PGT4,2,Submitted,Fr Jul 07 05:34:19 MESZ 2017,Do Jul 06 21:05:38 MESZ 2017,Do Jul 06 21:14:19 MESZ 2017,,,,,,{},8.116616666666667,[],"{""country_of_birth"":""United States"",""country_of_residence"":""United States"",""native_language"":""English"",""father_country_of_birth"":""United States"",""mother_country_of_birth"":""United States"",""childhood_language"":""English"",""preferred_language"":""English""}"
2,18859,white,black,10,none,[u'@all@ of the dots are white'],0,13,English,no,2,Male,43,,none,Yes,2,Windows,1080,1920,Chrome,3O2Y2UIUCQ2WQKW6R9081C3453MKFZ,37V5OWJ68WXGWF9X6GMUIECYCW6LVL,Language study,A 10-minute language study for non-native English speakers,language research tuebingen fun cognitive science university,$0.50,Do Jul 06 21:03:03 MESZ 2017,9,0,0,0,Reviewable,NotReviewed,1 cond,1800,30000,Sa Aug 05 21:03:03 MESZ 2017,https://requester.mturk.com/mturk/manageHIT?HITId=3O2Y2UIUCQ2WQKW6R9081C3453MKFZ,3R6P78PK7LJ4UNGIM4PK88MWT1PGT4,2,Submitted,Fr Jul 07 05:34:19 MESZ 2017,Do Jul 06 21:05:38 MESZ 2017,Do Jul 06 21:14:19 MESZ 2017,,,,,,{},8.116616666666667,[],"{""country_of_birth"":""United States"",""country_of_residence"":""United States"",""native_language"":""English"",""father_country_of_birth"":""United States"",""mother_country_of_birth"":""United States"",""childhood_language"":""English"",""preferred_language"":""English""}"
2,33417,black,white,25,less than half,[u'@only a few@ of the dots are white'],8,14,English,no,2,Male,43,,none,Yes,2,Windows,1080,1920,Chrome,3O2Y2UIUCQ2WQKW6R9081C3453MKFZ,37V5OWJ68WXGWF9X6GMUIECYCW6LVL,Language study,A 10-minute language study for non-native English speakers,language research tuebingen fun cognitive science university,$0.50,Do Jul 06 21:03:03 MESZ 2017,9,0,0,0,Reviewable,NotReviewed,1 cond,1800,30000,Sa Aug 05 21:03:03 MESZ 2017,https://requester.mturk.com/mturk/manageHIT?HITId=3O2Y2UIUCQ2WQKW6R9081C3453MKFZ,3R6P78PK7LJ4UNGIM4PK88MWT1PGT4,2,Submitted,Fr Jul 07 05:34:19 MESZ 2017,Do Jul 06 21:05:38 MESZ 2017,Do Jul 06 21:14:19 MESZ 2017,,,,,,{},8.116616666666667,[],"{""country_of_birth"":""United States"",""country_of_residence"":""United States"",""native_language"":""English"",""father_country_of_birth"":""United States"",""mother_country_of_birth"":""United States"",""childhood_language"":""English"",""preferred_language"":""English""}"
3,21396,white,black,100,almost all,[u'@most@ of the dots are blacks'],90,5,English,no,1,Male,34,,,Yes,2,Windows,1600,2560,Chrome,3O2Y2UIUCQ2WQKW6R9081C3453MKFZ,37V5OWJ68WXGWF9X6GMUIECYCW6LVL,Language study,A 10-minute language study for non-native English speakers,language research tuebingen fun cognitive science university,$0.50,Do Jul 06 21:03:03 MESZ 2017,9,0,0,0,Reviewable,NotReviewed,1 cond,1800,30000,Sa Aug 05 21:03:03 MESZ 2017,https://requester.mturk.com/mturk/manageHIT?HITId=3O2Y2UIUCQ2WQKW6R9081C3453MKFZ,3WS1NTTKEZKX0ENWDIVS6CKFVBT0FE,3,Submitted,Fr Jul 07 05:41:01 MESZ 2017,Do Jul 06 21:15:11 MESZ 2017,Do Jul 06 21:21:01 MESZ 2017,,,,,,{},3.4574666666666665,[],"{""country_of_birth"":""USA"",""country_of_residence"":""USA"",""native_language"":""English"",""father_country_of_birth"":""USA"",""mother_country_of_birth"":""USA"",""childhood_language"":""English"",""preferred_language"":""English""}"
3,14404,black,white,100,all,[u'@every@ dot is white'],100,6,English,no,1,Male,34,,,Yes,2,Windows,1600,2560,Chrome,3O2Y2UIUCQ2WQKW6R9081C3453MKFZ,37V5OWJ68WXGWF9X6GMUIECYCW6LVL,Language study,A 10-minute language study for non-native English speakers,language research tuebingen fun cognitive science university,$0.50,Do Jul 06 21:03:03 MESZ 2017,9,0,0,0,Reviewable,NotReviewed,1 cond,1800,30000,Sa Aug 05 21:03:03 MESZ 2017,https://requester.mturk.com/mturk/manageHIT?HITId=3O2Y2UIUCQ2WQKW6R9081C3453MKFZ,3WS1NTTKEZKX0ENWDIVS6CKFVBT0FE,3,Submitted,Fr Jul 07 05:41:01 MESZ 2017,Do Jul 06 21:15:11 MESZ 2017,Do Jul 06 21:21:01 MESZ 2017,,,,,,{},3.4574666666666665,[],"{""country_of_birth"":""USA"",""country_of_residence"":""USA"",""native_language"":""English"",""father_country_of_birth"":""USA"",""mother_country_of_birth"":""USA"",""childhood_language"":""English"",""preferred_language"":""English""}"
3,10771,white,black,100,many,[u'@most@ of the dots are black'],65,7,English,no,1,Male,34,,,Yes,2,Windows,1600,2560,Chrome,3O2Y2UIUCQ2WQKW6R9081C3453MKFZ,37V5OWJ68WXGWF9X6GMUIECYCW6LVL,Language study,A 10-minute language study for non-native English speakers,language research tuebingen fun cognitive science university,$0.50,Do Jul 06 21:03:03 MESZ 2017,9,0,0,0,Reviewable,NotReviewed,1 cond,1800,30000,Sa Aug 05 21:03:03 MESZ 2017,https://requester.mturk.com/mturk/manageHIT?HITId=3O2Y2UIUCQ2WQKW6R9081C3453MKFZ,3WS1NTTKEZKX0ENWDIVS6CKFVBT0FE,3,Submitted,Fr Jul 07 05:41:01 MESZ 2017,Do Jul 06 21:15:11 MESZ 2017,Do Jul 06 21:21:01 MESZ 2017,,,,,,{},3.4574666666666665,[],"{""country_of_birth"":""USA"",""country_of_residence"":""USA"",""native_language"":""English"",""father_country_of_birth"":""USA"",""mother_country_of_birth"":""USA"",""childhood_language"":""English"",""preferred_language"":""English""}"
3,15143,black,white,100,most,[u'@almost all@ of the dots are white'],75,8,English,no,1,Male,34,,,Yes,2,Windows,1600,2560,Chrome,3O2Y2UIUCQ2WQKW6R9081C3453MKFZ,37V5OWJ68WXGWF9X6GMUIECYCW6LVL,Language study,A 10-minute language study for non-native English speakers,language research tuebingen fun cognitive science university,$0.50,Do Jul 06 21:03:03 MESZ 2017,9,0,0,0,Reviewable,NotReviewed,1 cond,1800,30000,Sa Aug 05 21:03:03 MESZ 2017,https://requester.mturk.com/mturk/manageHIT?HITId=3O2Y2UIUCQ2WQKW6R9081C3453MKFZ,3WS1NTTKEZKX0ENWDIVS6CKFVBT0FE,3,Submitted,Fr Jul 07 05:41:01 MESZ 2017,Do Jul 06 21:15:11 MESZ 2017,Do Jul 06 21:21:01 MESZ 2017,,,,,,{},3.4574666666666665,[],"{""country_of_birth"":""USA"",""country_of_residence"":""USA"",""native_language"":""English"",""father_country_of_birth"":""USA"",""mother_country_of_birth"":""USA"",""childhood_language"":""English"",""preferred_language"":""English""}"
3,12709,white,black,10,half,[u'@50 percent@ of the dots are black'],5,9,English,no,1,Male,34,,,Yes,2,Windows,1600,2560,Chrome,3O2Y2UIUCQ2WQKW6R9081C3453MKFZ,37V5OWJ68WXGWF9X6GMUIECYCW6LVL,Language study,A 10-minute language study for non-native English speakers,language research tuebingen fun cognitive science university,$0.50,Do Jul 06 21:03:03 MESZ 2017,9,0,0,0,Reviewable,NotReviewed,1 cond,1800,30000,Sa Aug 05 21:03:03 MESZ 2017,https://requester.mturk.com/mturk/manageHIT?HITId=3O2Y2UIUCQ2WQKW6R9081C3453MKFZ,3WS1NTTKEZKX0ENWDIVS6CKFVBT0FE,3,Submitted,Fr Jul 07 05:41:01 MESZ 2017,Do Jul 06 21:15:11 MESZ 2017,Do Jul 06 21:21:01 MESZ 2017,,,,,,{},3.4574666666666665,[],"{""country_of_birth"":""USA"",""country_of_residence"":""USA"",""native_language"":""English"",""father_country_of_birth"":""USA"",""mother_country_of_birth"":""USA"",""childhood_language"":""English"",""preferred_language"":""English""}"
3,22568,black,white,10,a few,[u'@less than half@ of the dots are white'],3,10,English,no,1,Male,34,,,Yes,2,Windows,1600,2560,Chrome,3O2Y2UIUCQ2WQKW6R9081C3453MKFZ,37V5OWJ68WXGWF9X6GMUIECYCW6LVL,Language study,A 10-minute language study for non-native English speakers,language research tuebingen fun cognitive science university,$0.50,Do Jul 06 21:03:03 MESZ 2017,9,0,0,0,Reviewable,NotReviewed,1 cond,1800,30000,Sa Aug 05 21:03:03 MESZ 2017,https://requester.mturk.com/mturk/manageHIT?HITId=3O2Y2UIUCQ2WQKW6R9081C3453MKFZ,3WS1NTTKEZKX0ENWDIVS6CKFVBT0FE,3,Submitted,Fr Jul 07 05:41:01 MESZ 2017,Do Jul 06 21:15:11 MESZ 2017,Do Jul 06 21:21:01 MESZ 2017,,,,,,{},3.4574666666666665,[],"{""country_of_birth"":""USA"",""country_of_residence"":""USA"",""native_language"":""English"",""father_country_of_birth"":""USA"",""mother_country_of_birth"":""USA"",""childhood_language"":""English"",""preferred_language"":""English""}"
3,8777,black,white,10,two,[u'@a couple@ of the dots are white'],2,11,English,no,1,Male,34,,,Yes,2,Windows,1600,2560,Chrome,3O2Y2UIUCQ2WQKW6R9081C3453MKFZ,37V5OWJ68WXGWF9X6GMUIECYCW6LVL,Language study,A 10-minute language study for non-native English speakers,language research tuebingen fun cognitive science university,$0.50,Do Jul 06 21:03:03 MESZ 2017,9,0,0,0,Reviewable,NotReviewed,1 cond,1800,30000,Sa Aug 05 21:03:03 MESZ 2017,https://requester.mturk.com/mturk/manageHIT?HITId=3O2Y2UIUCQ2WQKW6R9081C3453MKFZ,3WS1NTTKEZKX0ENWDIVS6CKFVBT0FE,3,Submitted,Fr Jul 07 05:41:01 MESZ 2017,Do Jul 06 21:15:11 MESZ 2017,Do Jul 06 21:21:01 MESZ 2017,,,,,,{},3.4574666666666665,[],"{""country_of_birth"":""USA"",""country_of_residence"":""USA"",""native_language"":""English"",""father_country_of_birth"":""USA"",""mother_country_of_birth"":""USA"",""childhood_language"":""English"",""preferred_language"":""English""}"
3,14252,black,white,10,none,[u'@zero@ of the dots are white'],0,12,English,no,1,Male,34,,,Yes,2,Windows,1600,2560,Chrome,3O2Y2UIUCQ2WQKW6R9081C3453MKFZ,37V5OWJ68WXGWF9X6GMUIECYCW6LVL,Language study,A 10-minute language study for non-native English speakers,language research tuebingen fun cognitive science university,$0.50,Do Jul 06 21:03:03 MESZ 2017,9,0,0,0,Reviewable,NotReviewed,1 cond,1800,30000,Sa Aug 05 21:03:03 MESZ 2017,https://requester.mturk.com/mturk/manageHIT?HITId=3O2Y2UIUCQ2WQKW6R9081C3453MKFZ,3WS1NTTKEZKX0ENWDIVS6CKFVBT0FE,3,Submitted,Fr Jul 07 05:41:01 MESZ 2017,Do Jul 06 21:15:11 MESZ 2017,Do Jul 06 21:21:01 MESZ 2017,,,,,,{},3.4574666666666665,[],"{""country_of_birth"":""USA"",""country_of_residence"":""USA"",""native_language"":""English"",""father_country_of_birth"":""USA"",""mother_country_of_birth"":""USA"",""childhood_language"":""English"",""preferred_language"":""English""}"
3,14730,black,white,100,some,[u'@less than half@ of the dots are white'],25,13,English,no,1,Male,34,,,Yes,2,Windows,1600,2560,Chrome,3O2Y2UIUCQ2WQKW6R9081C3453MKFZ,37V5OWJ68WXGWF9X6GMUIECYCW6LVL,Language study,A 10-minute language study for non-native English speakers,language research tuebingen fun cognitive science university,$0.50,Do Jul 06 21:03:03 MESZ 2017,9,0,0,0,Reviewable,NotReviewed,1 cond,1800,30000,Sa Aug 05 21:03:03 MESZ 2017,https://requester.mturk.com/mturk/manageHIT?HITId=3O2Y2UIUCQ2WQKW6R9081C3453MKFZ,3WS1NTTKEZKX0ENWDIVS6CKFVBT0FE,3,Submitted,Fr Jul 07 05:41:01 MESZ 2017,Do Jul 06 21:15:11 MESZ 2017,Do Jul 06 21:21:01 MESZ 2017,,,,,,{},3.4574666666666665,[],"{""country_of_birth"":""USA"",""country_of_residence"":""USA"",""native_language"":""English"",""father_country_of_birth"":""USA"",""mother_country_of_birth"":""USA"",""childhood_language"":""English"",""preferred_language"":""English""}"
3,11293,black,white,25,less than half,[u'@some@ of the dots are white'],8,14,English,no,1,Male,34,,,Yes,2,Windows,1600,2560,Chrome,3O2Y2UIUCQ2WQKW6R9081C3453MKFZ,37V5OWJ68WXGWF9X6GMUIECYCW6LVL,Language study,A 10-minute language study for non-native English speakers,language research tuebingen fun cognitive science university,$0.50,Do Jul 06 21:03:03 MESZ 2017,9,0,0,0,Reviewable,NotReviewed,1 cond,1800,30000,Sa Aug 05 21:03:03 MESZ 2017,https://requester.mturk.com/mturk/manageHIT?HITId=3O2Y2UIUCQ2WQKW6R9081C3453MKFZ,3WS1NTTKEZKX0ENWDIVS6CKFVBT0FE,3,Submitted,Fr Jul 07 05:41:01 MESZ 2017,Do Jul 06 21:15:11 MESZ 2017,Do Jul 06 21:21:01 MESZ 2017,,,,,,{},3.4574666666666665,[],"{""country_of_birth"":""USA"",""country_of_residence"":""USA"",""native_language"":""English"",""father_country_of_birth"":""USA"",""mother_country_of_birth"":""USA"",""childhood_language"":""English"",""preferred_language"":""English""}"
4,401174,black,white,100,almost all,[u'\u062a\u0642\u0631\u06cc\u0628\u0627 \u062a\u0645\u0627\u0645@ \u0646\u0642\u0637\u06c1 \u0633\u0641\u06cc\u062f \u06c1\u06cc\u06ba@'],90,5,Urdu,no,1,Male,32,,,Yes,3,Windows,1080,1920,Chrome,3O2Y2UIUCQ2WQKW6R9081C3453MKFZ,37V5OWJ68WXGWF9X6GMUIECYCW6LVL,Language study,A 10-minute language study for non-native English speakers,language research tuebingen fun cognitive science university,$0.50,Do Jul 06 21:03:03 MESZ 2017,9,0,0,0,Reviewable,NotReviewed,1 cond,1800,30000,Sa Aug 05 21:03:03 MESZ 2017,https://requester.mturk.com/mturk/manageHIT?HITId=3O2Y2UIUCQ2WQKW6R9081C3453MKFZ,3R0T90IZ1TKN86E70IUUJYMS5FPCGH,4,Submitted,Fr Jul 07 05:51:38 MESZ 2017,Do Jul 06 21:07:50 MESZ 2017,Do Jul 06 21:31:38 MESZ 2017,,,,,,{},23.67195,[],"{""country_of_birth"":""Pakistan"",""country_of_residence"":""Singapore"",""native_language"":""Urdu"",""father_country_of_birth"":""Pakistan"",""mother_country_of_birth"":""Pakistan"",""childhood_language"":""Urdu"",""preferred_language"":""Urdu""}"
4,133357,black,white,10,half,[u'\u0646\u0635\u0641@ \u0646\u0642\u0637\u06c1 \u0633\u0641\u06cc\u062f \u06c1\u06cc\u06ba@'],5,6,Urdu,no,1,Male,32,,,Yes,3,Windows,1080,1920,Chrome,3O2Y2UIUCQ2WQKW6R9081C3453MKFZ,37V5OWJ68WXGWF9X6GMUIECYCW6LVL,Language study,A 10-minute language study for non-native English speakers,language research tuebingen fun cognitive science university,$0.50,Do Jul 06 21:03:03 MESZ 2017,9,0,0,0,Reviewable,NotReviewed,1 cond,1800,30000,Sa Aug 05 21:03:03 MESZ 2017,https://requester.mturk.com/mturk/manageHIT?HITId=3O2Y2UIUCQ2WQKW6R9081C3453MKFZ,3R0T90IZ1TKN86E70IUUJYMS5FPCGH,4,Submitted,Fr Jul 07 05:51:38 MESZ 2017,Do Jul 06 21:07:50 MESZ 2017,Do Jul 06 21:31:38 MESZ 2017,,,,,,{},23.67195,[],"{""country_of_birth"":""Pakistan"",""country_of_residence"":""Singapore"",""native_language"":""Urdu"",""father_country_of_birth"":""Pakistan"",""mother_country_of_birth"":""Pakistan"",""childhood_language"":""Urdu"",""preferred_language"":""Urdu""}"
4,100291,white,black,100,most,[u'\u0632\u06cc\u0627\u062f\u06c1@ \u0646\u0642\u0637\u06c1 \u0633\u06cc\u0627\u06c1 \u06c1\u06cc\u06ba@'],75,7,Urdu,no,1,Male,32,,,Yes,3,Windows,1080,1920,Chrome,3O2Y2UIUCQ2WQKW6R9081C3453MKFZ,37V5OWJ68WXGWF9X6GMUIECYCW6LVL,Language study,A 10-minute language study for non-native English speakers,language research tuebingen fun cognitive science university,$0.50,Do Jul 06 21:03:03 MESZ 2017,9,0,0,0,Reviewable,NotReviewed,1 cond,1800,30000,Sa Aug 05 21:03:03 MESZ 2017,https://requester.mturk.com/mturk/manageHIT?HITId=3O2Y2UIUCQ2WQKW6R9081C3453MKFZ,3R0T90IZ1TKN86E70IUUJYMS5FPCGH,4,Submitted,Fr Jul 07 05:51:38 MESZ 2017,Do Jul 06 21:07:50 MESZ 2017,Do Jul 06 21:31:38 MESZ 2017,,,,,,{},23.67195,[],"{""country_of_birth"":""Pakistan"",""country_of_residence"":""Singapore"",""native_language"":""Urdu"",""father_country_of_birth"":""Pakistan"",""mother_country_of_birth"":""Pakistan"",""childhood_language"":""Urdu"",""preferred_language"":""Urdu""}"
4,108168,black,white,10,a few,[u'\u06a9\u0686\u06be@ \u0646\u0642\u0637\u06c1 \u0633\u0641\u06cc\u062f \u06c1\u06cc\u06ba@'],3,8,Urdu,no,1,Male,32,,,Yes,3,Windows,1080,1920,Chrome,3O2Y2UIUCQ2WQKW6R9081C3453MKFZ,37V5OWJ68WXGWF9X6GMUIECYCW6LVL,Language study,A 10-minute language study for non-native English speakers,language research tuebingen fun cognitive science university,$0.50,Do Jul 06 21:03:03 MESZ 2017,9,0,0,0,Reviewable,NotReviewed,1 cond,1800,30000,Sa Aug 05 21:03:03 MESZ 2017,https://requester.mturk.com/mturk/manageHIT?HITId=3O2Y2UIUCQ2WQKW6R9081C3453MKFZ,3R0T90IZ1TKN86E70IUUJYMS5FPCGH,4,Submitted,Fr Jul 07 05:51:38 MESZ 2017,Do Jul 06 21:07:50 MESZ 2017,Do Jul 06 21:31:38 MESZ 2017,,,,,,{},23.67195,[],"{""country_of_birth"":""Pakistan"",""country_of_residence"":""Singapore"",""native_language"":""Urdu"",""father_country_of_birth"":""Pakistan"",""mother_country_of_birth"":""Pakistan"",""childhood_language"":""Urdu"",""preferred_language"":""Urdu""}"
4,62279,black,white,100,many,[u'\u0628\u06c1\u062a@ \u0633\u06d2 \u0646\u0642\u0637\u06c1 \u0633\u0641\u06cc\u062f \u06c1\u06cc\u06ba@'],65,9,Urdu,no,1,Male,32,,,Yes,3,Windows,1080,1920,Chrome,3O2Y2UIUCQ2WQKW6R9081C3453MKFZ,37V5OWJ68WXGWF9X6GMUIECYCW6LVL,Language study,A 10-minute language study for non-native English speakers,language research tuebingen fun cognitive science university,$0.50,Do Jul 06 21:03:03 MESZ 2017,9,0,0,0,Reviewable,NotReviewed,1 cond,1800,30000,Sa Aug 05 21:03:03 MESZ 2017,https://requester.mturk.com/mturk/manageHIT?HITId=3O2Y2UIUCQ2WQKW6R9081C3453MKFZ,3R0T90IZ1TKN86E70IUUJYMS5FPCGH,4,Submitted,Fr Jul 07 05:51:38 MESZ 2017,Do Jul 06 21:07:50 MESZ 2017,Do Jul 06 21:31:38 MESZ 2017,,,,,,{},23.67195,[],"{""country_of_birth"":""Pakistan"",""country_of_residence"":""Singapore"",""native_language"":""Urdu"",""father_country_of_birth"":""Pakistan"",""mother_country_of_birth"":""Pakistan"",""childhood_language"":""Urdu"",""preferred_language"":""Urdu""}"
4,68944,black,white,10,two,[u'\u062f\u0648@ \u0646\u0642\u0637\u06c1 \u0633\u0641\u06cc\u062f \u06c1\u06cc\u06ba@'],2,10,Urdu,no,1,Male,32,,,Yes,3,Windows,1080,1920,Chrome,3O2Y2UIUCQ2WQKW6R9081C3453MKFZ,37V5OWJ68WXGWF9X6GMUIECYCW6LVL,Language study,A 10-minute language study for non-native English speakers,language research tuebingen fun cognitive science university,$0.50,Do Jul 06 21:03:03 MESZ 2017,9,0,0,0,Reviewable,NotReviewed,1 cond,1800,30000,Sa Aug 05 21:03:03 MESZ 2017,https://requester.mturk.com/mturk/manageHIT?HITId=3O2Y2UIUCQ2WQKW6R9081C3453MKFZ,3R0T90IZ1TKN86E70IUUJYMS5FPCGH,4,Submitted,Fr Jul 07 05:51:38 MESZ 2017,Do Jul 06 21:07:50 MESZ 2017,Do Jul 06 21:31:38 MESZ 2017,,,,,,{},23.67195,[],"{""country_of_birth"":""Pakistan"",""country_of_residence"":""Singapore"",""native_language"":""Urdu"",""father_country_of_birth"":""Pakistan"",""mother_country_of_birth"":""Pakistan"",""childhood_language"":""Urdu"",""preferred_language"":""Urdu""}"
4,154200,black,white,25,less than half,[u'  \u0646\u0635\u0641 \u0633\u06d2 \u06a9\u0645@ \u0646\u0642\u0637\u06c1 \u0633\u0641\u06cc\u062f \u06c1\u06cc\u06ba@'],8,11,Urdu,no,1,Male,32,,,Yes,3,Windows,1080,1920,Chrome,3O2Y2UIUCQ2WQKW6R9081C3453MKFZ,37V5OWJ68WXGWF9X6GMUIECYCW6LVL,Language study,A 10-minute language study for non-native English speakers,language research tuebingen fun cognitive science university,$0.50,Do Jul 06 21:03:03 MESZ 2017,9,0,0,0,Reviewable,NotReviewed,1 cond,1800,30000,Sa Aug 05 21:03:03 MESZ 2017,https://requester.mturk.com/mturk/manageHIT?HITId=3O2Y2UIUCQ2WQKW6R9081C3453MKFZ,3R0T90IZ1TKN86E70IUUJYMS5FPCGH,4,Submitted,Fr Jul 07 05:51:38 MESZ 2017,Do Jul 06 21:07:50 MESZ 2017,Do Jul 06 21:31:38 MESZ 2017,,,,,,{},23.67195,[],"{""country_of_birth"":""Pakistan"",""country_of_residence"":""Singapore"",""native_language"":""Urdu"",""father_country_of_birth"":""Pakistan"",""mother_country_of_birth"":""Pakistan"",""childhood_language"":""Urdu"",""preferred_language"":""Urdu""}"
4,72251,white,black,10,none,[u'\u06a9\u0648\u0626\u06cc \u0628\u06be\u06cc@ \u0646\u0642\u0637\u06c1 \u0633\u06cc\u0627\u06c1 @\u0646\u06c1\u06cc\u06ba@ \u06c1\u06d2@'],0,12,Urdu,no,1,Male,32,,,Yes,3,Windows,1080,1920,Chrome,3O2Y2UIUCQ2WQKW6R9081C3453MKFZ,37V5OWJ68WXGWF9X6GMUIECYCW6LVL,Language study,A 10-minute language study for non-native English speakers,language research tuebingen fun cognitive science university,$0.50,Do Jul 06 21:03:03 MESZ 2017,9,0,0,0,Reviewable,NotReviewed,1 cond,1800,30000,Sa Aug 05 21:03:03 MESZ 2017,https://requester.mturk.com/mturk/manageHIT?HITId=3O2Y2UIUCQ2WQKW6R9081C3453MKFZ,3R0T90IZ1TKN86E70IUUJYMS5FPCGH,4,Submitted,Fr Jul 07 05:51:38 MESZ 2017,Do Jul 06 21:07:50 MESZ 2017,Do Jul 06 21:31:38 MESZ 2017,,,,,,{},23.67195,[],"{""country_of_birth"":""Pakistan"",""country_of_residence"":""Singapore"",""native_language"":""Urdu"",""father_country_of_birth"":""Pakistan"",""mother_country_of_birth"":""Pakistan"",""childhood_language"":""Urdu"",""preferred_language"":""Urdu""}"
4,48457,black,white,100,some,[u'\u06a9\u0686\u06be@ \u0646\u0642\u0637\u06c1 \u0633\u0641\u06cc\u062f \u06c1\u06cc\u06ba@'],25,13,Urdu,no,1,Male,32,,,Yes,3,Windows,1080,1920,Chrome,3O2Y2UIUCQ2WQKW6R9081C3453MKFZ,37V5OWJ68WXGWF9X6GMUIECYCW6LVL,Language study,A 10-minute language study for non-native English speakers,language research tuebingen fun cognitive science university,$0.50,Do Jul 06 21:03:03 MESZ 2017,9,0,0,0,Reviewable,NotReviewed,1 cond,1800,30000,Sa Aug 05 21:03:03 MESZ 2017,https://requester.mturk.com/mturk/manageHIT?HITId=3O2Y2UIUCQ2WQKW6R9081C3453MKFZ,3R0T90IZ1TKN86E70IUUJYMS5FPCGH,4,Submitted,Fr Jul 07 05:51:38 MESZ 2017,Do Jul 06 21:07:50 MESZ 2017,Do Jul 06 21:31:38 MESZ 2017,,,,,,{},23.67195,[],"{""country_of_birth"":""Pakistan"",""country_of_residence"":""Singapore"",""native_language"":""Urdu"",""father_country_of_birth"":""Pakistan"",""mother_country_of_birth"":""Pakistan"",""childhood_language"":""Urdu"",""preferred_language"":""Urdu""}"
4,34152,black,white,100,all,[u'\u062a\u0645\u0627\u0645@ \u0646\u0642\u0637\u06c1 \u0633\u0641\u06cc\u062f \u06c1\u06cc\u06ba@'],100,14,Urdu,no,1,Male,32,,,Yes,3,Windows,1080,1920,Chrome,3O2Y2UIUCQ2WQKW6R9081C3453MKFZ,37V5OWJ68WXGWF9X6GMUIECYCW6LVL,Language study,A 10-minute language study for non-native English speakers,language research tuebingen fun cognitive science university,$0.50,Do Jul 06 21:03:03 MESZ 2017,9,0,0,0,Reviewable,NotReviewed,1 cond,1800,30000,Sa Aug 05 21:03:03 MESZ 2017,https://requester.mturk.com/mturk/manageHIT?HITId=3O2Y2UIUCQ2WQKW6R9081C3453MKFZ,3R0T90IZ1TKN86E70IUUJYMS5FPCGH,4,Submitted,Fr Jul 07 05:51:38 MESZ 2017,Do Jul 06 21:07:50 MESZ 2017,Do Jul 06 21:31:38 MESZ 2017,,,,,,{},23.67195,[],"{""country_of_birth"":""Pakistan"",""country_of_residence"":""Singapore"",""native_language"":""Urdu"",""father_country_of_birth"":""Pakistan"",""mother_country_of_birth"":""Pakistan"",""childhood_language"":""Urdu"",""preferred_language"":""Urdu""}"
5,42861,black,white,100,all,[u'@all@ the dots are white.'],100,5,English,no,2,Male,33,,none,Yes,3,Windows,768,1366,Chrome,3O2Y2UIUCQ2WQKW6R9081C3453MKFZ,37V5OWJ68WXGWF9X6GMUIECYCW6LVL,Language study,A 10-minute language study for non-native English speakers,language research tuebingen fun cognitive science university,$0.50,Do Jul 06 21:03:03 MESZ 2017,9,0,0,0,Reviewable,NotReviewed,1 cond,1800,30000,Sa Aug 05 21:03:03 MESZ 2017,https://requester.mturk.com/mturk/manageHIT?HITId=3O2Y2UIUCQ2WQKW6R9081C3453MKFZ,39PAAFCODN8NCK6DBZO689P6GGDVT8,5,Submitted,Fr Jul 07 05:52:52 MESZ 2017,Do Jul 06 21:14:28 MESZ 2017,Do Jul 06 21:32:52 MESZ 2017,,,,,,{},18.2897,[],"{""country_of_birth"":""USA"",""country_of_residence"":""USA"",""native_language"":""English"",""father_country_of_birth"":""USA"",""mother_country_of_birth"":""USA"",""childhood_language"":""English"",""preferred_language"":""English""}"
5,27829,white,black,10,none,[u'@no@ dots are black'],0,6,English,no,2,Male,33,,none,Yes,3,Windows,768,1366,Chrome,3O2Y2UIUCQ2WQKW6R9081C3453MKFZ,37V5OWJ68WXGWF9X6GMUIECYCW6LVL,Language study,A 10-minute language study for non-native English speakers,language research tuebingen fun cognitive science university,$0.50,Do Jul 06 21:03:03 MESZ 2017,9,0,0,0,Reviewable,NotReviewed,1 cond,1800,30000,Sa Aug 05 21:03:03 MESZ 2017,https://requester.mturk.com/mturk/manageHIT?HITId=3O2Y2UIUCQ2WQKW6R9081C3453MKFZ,39PAAFCODN8NCK6DBZO689P6GGDVT8,5,Submitted,Fr Jul 07 05:52:52 MESZ 2017,Do Jul 06 21:14:28 MESZ 2017,Do Jul 06 21:32:52 MESZ 2017,,,,,,{},18.2897,[],"{""country_of_birth"":""USA"",""country_of_residence"":""USA"",""native_language"":""English"",""father_country_of_birth"":""USA"",""mother_country_of_birth"":""USA"",""childhood_language"":""English"",""preferred_language"":""English""}"
5,38248,white,black,10,half,"[u'Of all the dots, @half@ are black and the other @half@ are white.']",5,7,English,no,2,Male,33,,none,Yes,3,Windows,768,1366,Chrome,3O2Y2UIUCQ2WQKW6R9081C3453MKFZ,37V5OWJ68WXGWF9X6GMUIECYCW6LVL,Language study,A 10-minute language study for non-native English speakers,language research tuebingen fun cognitive science university,$0.50,Do Jul 06 21:03:03 MESZ 2017,9,0,0,0,Reviewable,NotReviewed,1 cond,1800,30000,Sa Aug 05 21:03:03 MESZ 2017,https://requester.mturk.com/mturk/manageHIT?HITId=3O2Y2UIUCQ2WQKW6R9081C3453MKFZ,39PAAFCODN8NCK6DBZO689P6GGDVT8,5,Submitted,Fr Jul 07 05:52:52 MESZ 2017,Do Jul 06 21:14:28 MESZ 2017,Do Jul 06 21:32:52 MESZ 2017,,,,,,{},18.2897,[],"{""country_of_birth"":""USA"",""country_of_residence"":""USA"",""native_language"":""English"",""father_country_of_birth"":""USA"",""mother_country_of_birth"":""USA"",""childhood_language"":""English"",""preferred_language"":""English""}"
5,21932,white,black,10,two,[u'Only @two@ dots are black'],2,8,English,no,2,Male,33,,none,Yes,3,Windows,768,1366,Chrome,3O2Y2UIUCQ2WQKW6R9081C3453MKFZ,37V5OWJ68WXGWF9X6GMUIECYCW6LVL,Language study,A 10-minute language study for non-native English speakers,language research tuebingen fun cognitive science university,$0.50,Do Jul 06 21:03:03 MESZ 2017,9,0,0,0,Reviewable,NotReviewed,1 cond,1800,30000,Sa Aug 05 21:03:03 MESZ 2017,https://requester.mturk.com/mturk/manageHIT?HITId=3O2Y2UIUCQ2WQKW6R9081C3453MKFZ,39PAAFCODN8NCK6DBZO689P6GGDVT8,5,Submitted,Fr Jul 07 05:52:52 MESZ 2017,Do Jul 06 21:14:28 MESZ 2017,Do Jul 06 21:32:52 MESZ 2017,,,,,,{},18.2897,[],"{""country_of_birth"":""USA"",""country_of_residence"":""USA"",""native_language"":""English"",""father_country_of_birth"":""USA"",""mother_country_of_birth"":""USA"",""childhood_language"":""English"",""preferred_language"":""English""}"
5,26574,white,black,100,some,[u'Only @some@ dots are black'],25,9,English,no,2,Male,33,,none,Yes,3,Windows,768,1366,Chrome,3O2Y2UIUCQ2WQKW6R9081C3453MKFZ,37V5OWJ68WXGWF9X6GMUIECYCW6LVL,Language study,A 10-minute language study for non-native English speakers,language research tuebingen fun cognitive science university,$0.50,Do Jul 06 21:03:03 MESZ 2017,9,0,0,0,Reviewable,NotReviewed,1 cond,1800,30000,Sa Aug 05 21:03:03 MESZ 2017,https://requester.mturk.com/mturk/manageHIT?HITId=3O2Y2UIUCQ2WQKW6R9081C3453MKFZ,39PAAFCODN8NCK6DBZO689P6GGDVT8,5,Submitted,Fr Jul 07 05:52:52 MESZ 2017,Do Jul 06 21:14:28 MESZ 2017,Do Jul 06 21:32:52 MESZ 2017,,,,,,{},18.2897,[],"{""country_of_birth"":""USA"",""country_of_residence"":""USA"",""native_language"":""English"",""father_country_of_birth"":""USA"",""mother_country_of_birth"":""USA"",""childhood_language"":""English"",""preferred_language"":""English""}"
5,25279,black,white,100,many,[u'There are @many@ black dots'],65,10,English,no,2,Male,33,,none,Yes,3,Windows,768,1366,Chrome,3O2Y2UIUCQ2WQKW6R9081C3453MKFZ,37V5OWJ68WXGWF9X6GMUIECYCW6LVL,Language study,A 10-minute language study for non-native English speakers,language research tuebingen fun cognitive science university,$0.50,Do Jul 06 21:03:03 MESZ 2017,9,0,0,0,Reviewable,NotReviewed,1 cond,1800,30000,Sa Aug 05 21:03:03 MESZ 2017,https://requester.mturk.com/mturk/manageHIT?HITId=3O2Y2UIUCQ2WQKW6R9081C3453MKFZ,39PAAFCODN8NCK6DBZO689P6GGDVT8,5,Submitted,Fr Jul 07 05:52:52 MESZ 2017,Do Jul 06 21:14:28 MESZ 2017,Do Jul 06 21:32:52 MESZ 2017,,,,,,{},18.2897,[],"{""country_of_birth"":""USA"",""country_of_residence"":""USA"",""native_language"":""English"",""father_country_of_birth"":""USA"",""mother_country_of_birth"":""USA"",""childhood_language"":""English"",""preferred_language"":""English""}"
5,27039,black,white,10,a few,[u'Only a @few@ of the dots are white'],3,11,English,no,2,Male,33,,none,Yes,3,Windows,768,1366,Chrome,3O2Y2UIUCQ2WQKW6R9081C3453MKFZ,37V5OWJ68WXGWF9X6GMUIECYCW6LVL,Language study,A 10-minute language study for non-native English speakers,language research tuebingen fun cognitive science university,$0.50,Do Jul 06 21:03:03 MESZ 2017,9,0,0,0,Reviewable,NotReviewed,1 cond,1800,30000,Sa Aug 05 21:03:03 MESZ 2017,https://requester.mturk.com/mturk/manageHIT?HITId=3O2Y2UIUCQ2WQKW6R9081C3453MKFZ,39PAAFCODN8NCK6DBZO689P6GGDVT8,5,Submitted,Fr Jul 07 05:52:52 MESZ 2017,Do Jul 06 21:14:28 MESZ 2017,Do Jul 06 21:32:52 MESZ 2017,,,,,,{},18.2897,[],"{""country_of_birth"":""USA"",""country_of_residence"":""USA"",""native_language"":""English"",""father_country_of_birth"":""USA"",""mother_country_of_birth"":""USA"",""childhood_language"":""English"",""preferred_language"":""English""}"
5,34940,white,black,25,less than half,[u'black dots consists @less than half@ of all the dots'],8,12,English,no,2,Male,33,,none,Yes,3,Windows,768,1366,Chrome,3O2Y2UIUCQ2WQKW6R9081C3453MKFZ,37V5OWJ68WXGWF9X6GMUIECYCW6LVL,Language study,A 10-minute language study for non-native English speakers,language research tuebingen fun cognitive science university,$0.50,Do Jul 06 21:03:03 MESZ 2017,9,0,0,0,Reviewable,NotReviewed,1 cond,1800,30000,Sa Aug 05 21:03:03 MESZ 2017,https://requester.mturk.com/mturk/manageHIT?HITId=3O2Y2UIUCQ2WQKW6R9081C3453MKFZ,39PAAFCODN8NCK6DBZO689P6GGDVT8,5,Submitted,Fr Jul 07 05:52:52 MESZ 2017,Do Jul 06 21:14:28 MESZ 2017,Do Jul 06 21:32:52 MESZ 2017,,,,,,{},18.2897,[],"{""country_of_birth"":""USA"",""country_of_residence"":""USA"",""native_language"":""English"",""father_country_of_birth"":""USA"",""mother_country_of_birth"":""USA"",""childhood_language"":""English"",""preferred_language"":""English""}"
5,29108,white,black,100,most,[u'@most@ dots are black'],75,13,English,no,2,Male,33,,none,Yes,3,Windows,768,1366,Chrome,3O2Y2UIUCQ2WQKW6R9081C3453MKFZ,37V5OWJ68WXGWF9X6GMUIECYCW6LVL,Language study,A 10-minute language study for non-native English speakers,language research tuebingen fun cognitive science university,$0.50,Do Jul 06 21:03:03 MESZ 2017,9,0,0,0,Reviewable,NotReviewed,1 cond,1800,30000,Sa Aug 05 21:03:03 MESZ 2017,https://requester.mturk.com/mturk/manageHIT?HITId=3O2Y2UIUCQ2WQKW6R9081C3453MKFZ,39PAAFCODN8NCK6DBZO689P6GGDVT8,5,Submitted,Fr Jul 07 05:52:52 MESZ 2017,Do Jul 06 21:14:28 MESZ 2017,Do Jul 06 21:32:52 MESZ 2017,,,,,,{},18.2897,[],"{""country_of_birth"":""USA"",""country_of_residence"":""USA"",""native_language"":""English"",""father_country_of_birth"":""USA"",""mother_country_of_birth"":""USA"",""childhood_language"":""English"",""preferred_language"":""English""}"
5,24435,black,white,100,almost all,[u'White dots consists of @almost all@ of the dots'],90,14,English,no,2,Male,33,,none,Yes,3,Windows,768,1366,Chrome,3O2Y2UIUCQ2WQKW6R9081C3453MKFZ,37V5OWJ68WXGWF9X6GMUIECYCW6LVL,Language study,A 10-minute language study for non-native English speakers,language research tuebingen fun cognitive science university,$0.50,Do Jul 06 21:03:03 MESZ 2017,9,0,0,0,Reviewable,NotReviewed,1 cond,1800,30000,Sa Aug 05 21:03:03 MESZ 2017,https://requester.mturk.com/mturk/manageHIT?HITId=3O2Y2UIUCQ2WQKW6R9081C3453MKFZ,39PAAFCODN8NCK6DBZO689P6GGDVT8,5,Submitted,Fr Jul 07 05:52:52 MESZ 2017,Do Jul 06 21:14:28 MESZ 2017,Do Jul 06 21:32:52 MESZ 2017,,,,,,{},18.2897,[],"{""country_of_birth"":""USA"",""country_of_residence"":""USA"",""native_language"":""English"",""father_country_of_birth"":""USA"",""mother_country_of_birth"":""USA"",""childhood_language"":""English"",""preferred_language"":""English""}"
6,50858,white,black,100,almost all,[u'The @majority @of all the dots are black'],90,5,english,no,1,Female,36,,none,Yes,2,Windows,1080,1920,Chrome,3O2Y2UIUCQ2WQKW6R9081C3453MKFZ,37V5OWJ68WXGWF9X6GMUIECYCW6LVL,Language study,A 10-minute language study for non-native English speakers,language research tuebingen fun cognitive science university,$0.50,Do Jul 06 21:03:03 MESZ 2017,9,0,0,0,Reviewable,NotReviewed,1 cond,1800,30000,Sa Aug 05 21:03:03 MESZ 2017,https://requester.mturk.com/mturk/manageHIT?HITId=3O2Y2UIUCQ2WQKW6R9081C3453MKFZ,386PBUZZXG5Q2CYEL18WJU4VRGMJLA,6,Submitted,Fr Jul 07 06:16:56 MESZ 2017,Do Jul 06 21:35:19 MESZ 2017,Do Jul 06 21:56:56 MESZ 2017,,,,,,{},5.4537,[],"{""country_of_birth"":""USA"",""country_of_residence"":""USA"",""native_language"":""english"",""father_country_of_birth"":""USA"",""mother_country_of_birth"":""USA"",""childhood_language"":""english"",""preferred_language"":""english""}"
6,42747,black,white,100,most,[u'There are @more white dots @than black'],75,6,english,no,1,Female,36,,none,Yes,2,Windows,1080,1920,Chrome,3O2Y2UIUCQ2WQKW6R9081C3453MKFZ,37V5OWJ68WXGWF9X6GMUIECYCW6LVL,Language study,A 10-minute language study for non-native English speakers,language research tuebingen fun cognitive science university,$0.50,Do Jul 06 21:03:03 MESZ 2017,9,0,0,0,Reviewable,NotReviewed,1 cond,1800,30000,Sa Aug 05 21:03:03 MESZ 2017,https://requester.mturk.com/mturk/manageHIT?HITId=3O2Y2UIUCQ2WQKW6R9081C3453MKFZ,386PBUZZXG5Q2CYEL18WJU4VRGMJLA,6,Submitted,Fr Jul 07 06:16:56 MESZ 2017,Do Jul 06 21:35:19 MESZ 2017,Do Jul 06 21:56:56 MESZ 2017,,,,,,{},5.4537,[],"{""country_of_birth"":""USA"",""country_of_residence"":""USA"",""native_language"":""english"",""father_country_of_birth"":""USA"",""mother_country_of_birth"":""USA"",""childhood_language"":""english"",""preferred_language"":""english""}"
6,12686,white,black,10,a few,[u'@some@ of the dots are black'],3,7,english,no,1,Female,36,,none,Yes,2,Windows,1080,1920,Chrome,3O2Y2UIUCQ2WQKW6R9081C3453MKFZ,37V5OWJ68WXGWF9X6GMUIECYCW6LVL,Language study,A 10-minute language study for non-native English speakers,language research tuebingen fun cognitive science university,$0.50,Do Jul 06 21:03:03 MESZ 2017,9,0,0,0,Reviewable,NotReviewed,1 cond,1800,30000,Sa Aug 05 21:03:03 MESZ 2017,https://requester.mturk.com/mturk/manageHIT?HITId=3O2Y2UIUCQ2WQKW6R9081C3453MKFZ,386PBUZZXG5Q2CYEL18WJU4VRGMJLA,6,Submitted,Fr Jul 07 06:16:56 MESZ 2017,Do Jul 06 21:35:19 MESZ 2017,Do Jul 06 21:56:56 MESZ 2017,,,,,,{},5.4537,[],"{""country_of_birth"":""USA"",""country_of_residence"":""USA"",""native_language"":""english"",""father_country_of_birth"":""USA"",""mother_country_of_birth"":""USA"",""childhood_language"":""english"",""preferred_language"":""english""}"
6,21080,black,white,100,some,[u'@many@ of the dots are white'],25,8,english,no,1,Female,36,,none,Yes,2,Windows,1080,1920,Chrome,3O2Y2UIUCQ2WQKW6R9081C3453MKFZ,37V5OWJ68WXGWF9X6GMUIECYCW6LVL,Language study,A 10-minute language study for non-native English speakers,language research tuebingen fun cognitive science university,$0.50,Do Jul 06 21:03:03 MESZ 2017,9,0,0,0,Reviewable,NotReviewed,1 cond,1800,30000,Sa Aug 05 21:03:03 MESZ 2017,https://requester.mturk.com/mturk/manageHIT?HITId=3O2Y2UIUCQ2WQKW6R9081C3453MKFZ,386PBUZZXG5Q2CYEL18WJU4VRGMJLA,6,Submitted,Fr Jul 07 06:16:56 MESZ 2017,Do Jul 06 21:35:19 MESZ 2017,Do Jul 06 21:56:56 MESZ 2017,,,,,,{},5.4537,[],"{""country_of_birth"":""USA"",""country_of_residence"":""USA"",""native_language"":""english"",""father_country_of_birth"":""USA"",""mother_country_of_birth"":""USA"",""childhood_language"":""english"",""preferred_language"":""english""}"
6,13404,black,white,25,less than half,[u'@some@ of the dots are white'],8,9,english,no,1,Female,36,,none,Yes,2,Windows,1080,1920,Chrome,3O2Y2UIUCQ2WQKW6R9081C3453MKFZ,37V5OWJ68WXGWF9X6GMUIECYCW6LVL,Language study,A 10-minute language study for non-native English speakers,language research tuebingen fun cognitive science university,$0.50,Do Jul 06 21:03:03 MESZ 2017,9,0,0,0,Reviewable,NotReviewed,1 cond,1800,30000,Sa Aug 05 21:03:03 MESZ 2017,https://requester.mturk.com/mturk/manageHIT?HITId=3O2Y2UIUCQ2WQKW6R9081C3453MKFZ,386PBUZZXG5Q2CYEL18WJU4VRGMJLA,6,Submitted,Fr Jul 07 06:16:56 MESZ 2017,Do Jul 06 21:35:19 MESZ 2017,Do Jul 06 21:56:56 MESZ 2017,,,,,,{},5.4537,[],"{""country_of_birth"":""USA"",""country_of_residence"":""USA"",""native_language"":""english"",""father_country_of_birth"":""USA"",""mother_country_of_birth"":""USA"",""childhood_language"":""english"",""preferred_language"":""english""}"
6,37138,white,black,10,two,[u'a @couple@ of the dots are black'],2,10,english,no,1,Female,36,,none,Yes,2,Windows,1080,1920,Chrome,3O2Y2UIUCQ2WQKW6R9081C3453MKFZ,37V5OWJ68WXGWF9X6GMUIECYCW6LVL,Language study,A 10-minute language study for non-native English speakers,language research tuebingen fun cognitive science university,$0.50,Do Jul 06 21:03:03 MESZ 2017,9,0,0,0,Reviewable,NotReviewed,1 cond,1800,30000,Sa Aug 05 21:03:03 MESZ 2017,https://requester.mturk.com/mturk/manageHIT?HITId=3O2Y2UIUCQ2WQKW6R9081C3453MKFZ,386PBUZZXG5Q2CYEL18WJU4VRGMJLA,6,Submitted,Fr Jul 07 06:16:56 MESZ 2017,Do Jul 06 21:35:19 MESZ 2017,Do Jul 06 21:56:56 MESZ 2017,,,,,,{},5.4537,[],"{""country_of_birth"":""USA"",""country_of_residence"":""USA"",""native_language"":""english"",""father_country_of_birth"":""USA"",""mother_country_of_birth"":""USA"",""childhood_language"":""english"",""preferred_language"":""english""}"
6,14322,black,white,100,many,[u'@most@ of the dots are white'],65,11,english,no,1,Female,36,,none,Yes,2,Windows,1080,1920,Chrome,3O2Y2UIUCQ2WQKW6R9081C3453MKFZ,37V5OWJ68WXGWF9X6GMUIECYCW6LVL,Language study,A 10-minute language study for non-native English speakers,language research tuebingen fun cognitive science university,$0.50,Do Jul 06 21:03:03 MESZ 2017,9,0,0,0,Reviewable,NotReviewed,1 cond,1800,30000,Sa Aug 05 21:03:03 MESZ 2017,https://requester.mturk.com/mturk/manageHIT?HITId=3O2Y2UIUCQ2WQKW6R9081C3453MKFZ,386PBUZZXG5Q2CYEL18WJU4VRGMJLA,6,Submitted,Fr Jul 07 06:16:56 MESZ 2017,Do Jul 06 21:35:19 MESZ 2017,Do Jul 06 21:56:56 MESZ 2017,,,,,,{},5.4537,[],"{""country_of_birth"":""USA"",""country_of_residence"":""USA"",""native_language"":""english"",""father_country_of_birth"":""USA"",""mother_country_of_birth"":""USA"",""childhood_language"":""english"",""preferred_language"":""english""}"
6,37155,black,white,10,half,[u'The white dots are @equal@ to the black dots'],5,12,english,no,1,Female,36,,none,Yes,2,Windows,1080,1920,Chrome,3O2Y2UIUCQ2WQKW6R9081C3453MKFZ,37V5OWJ68WXGWF9X6GMUIECYCW6LVL,Language study,A 10-minute language study for non-native English speakers,language research tuebingen fun cognitive science university,$0.50,Do Jul 06 21:03:03 MESZ 2017,9,0,0,0,Reviewable,NotReviewed,1 cond,1800,30000,Sa Aug 05 21:03:03 MESZ 2017,https://requester.mturk.com/mturk/manageHIT?HITId=3O2Y2UIUCQ2WQKW6R9081C3453MKFZ,386PBUZZXG5Q2CYEL18WJU4VRGMJLA,6,Submitted,Fr Jul 07 06:16:56 MESZ 2017,Do Jul 06 21:35:19 MESZ 2017,Do Jul 06 21:56:56 MESZ 2017,,,,,,{},5.4537,[],"{""country_of_birth"":""USA"",""country_of_residence"":""USA"",""native_language"":""english"",""father_country_of_birth"":""USA"",""mother_country_of_birth"":""USA"",""childhood_language"":""english"",""preferred_language"":""english""}"
6,14814,black,white,100,all,[u'@none@ of the dots are black'],100,13,english,no,1,Female,36,,none,Yes,2,Windows,1080,1920,Chrome,3O2Y2UIUCQ2WQKW6R9081C3453MKFZ,37V5OWJ68WXGWF9X6GMUIECYCW6LVL,Language study,A 10-minute language study for non-native English speakers,language research tuebingen fun cognitive science university,$0.50,Do Jul 06 21:03:03 MESZ 2017,9,0,0,0,Reviewable,NotReviewed,1 cond,1800,30000,Sa Aug 05 21:03:03 MESZ 2017,https://requester.mturk.com/mturk/manageHIT?HITId=3O2Y2UIUCQ2WQKW6R9081C3453MKFZ,386PBUZZXG5Q2CYEL18WJU4VRGMJLA,6,Submitted,Fr Jul 07 06:16:56 MESZ 2017,Do Jul 06 21:35:19 MESZ 2017,Do Jul 06 21:56:56 MESZ 2017,,,,,,{},5.4537,[],"{""country_of_birth"":""USA"",""country_of_residence"":""USA"",""native_language"":""english"",""father_country_of_birth"":""USA"",""mother_country_of_birth"":""USA"",""childhood_language"":""english"",""preferred_language"":""english""}"
6,12055,white,black,10,none,[u'@all@ of the dots are white'],0,14,english,no,1,Female,36,,none,Yes,2,Windows,1080,1920,Chrome,3O2Y2UIUCQ2WQKW6R9081C3453MKFZ,37V5OWJ68WXGWF9X6GMUIECYCW6LVL,Language study,A 10-minute language study for non-native English speakers,language research tuebingen fun cognitive science university,$0.50,Do Jul 06 21:03:03 MESZ 2017,9,0,0,0,Reviewable,NotReviewed,1 cond,1800,30000,Sa Aug 05 21:03:03 MESZ 2017,https://requester.mturk.com/mturk/manageHIT?HITId=3O2Y2UIUCQ2WQKW6R9081C3453MKFZ,386PBUZZXG5Q2CYEL18WJU4VRGMJLA,6,Submitted,Fr Jul 07 06:16:56 MESZ 2017,Do Jul 06 21:35:19 MESZ 2017,Do Jul 06 21:56:56 MESZ 2017,,,,,,{},5.4537,[],"{""country_of_birth"":""USA"",""country_of_residence"":""USA"",""native_language"":""english"",""father_country_of_birth"":""USA"",""mother_country_of_birth"":""USA"",""childhood_language"":""english"",""preferred_language"":""english""}"
7,126519,white,black,10,two,[u'@\u0926\u094b@ \u092c\u093f\u0902\u0926\u0941 \u0915\u093e\u0932\u0947 \u0939\u0948\u0902'],2,5,English,no,1,Male,20,The hit was smooth to go through.,"English, Sindhi",Yes,2,Windows,900,1600,Chrome,3O2Y2UIUCQ2WQKW6R9081C3453MKFZ,37V5OWJ68WXGWF9X6GMUIECYCW6LVL,Language study,A 10-minute language study for non-native English speakers,language research tuebingen fun cognitive science university,$0.50,Do Jul 06 21:03:03 MESZ 2017,9,0,0,0,Reviewable,NotReviewed,1 cond,1800,30000,Sa Aug 05 21:03:03 MESZ 2017,https://requester.mturk.com/mturk/manageHIT?HITId=3O2Y2UIUCQ2WQKW6R9081C3453MKFZ,3H8DHMCCWAJ2FKG4Q5AK1WW3XWKKDU,7,Submitted,Fr Jul 07 06:17:54 MESZ 2017,Do Jul 06 21:38:34 MESZ 2017,Do Jul 06 21:57:54 MESZ 2017,,,,,,{},19.20985,[],"{""country_of_birth"":""India"",""country_of_residence"":""India"",""native_language"":""Hindi"",""father_country_of_birth"":""India"",""mother_country_of_birth"":""India"",""childhood_language"":""Hindi"",""preferred_language"":""Hindi""}"
7,26314,white,black,10,half,[u'@\u0906\u0927\u0947@ \u092c\u093f\u0902\u0926\u0941 \u0915\u093e\u0932\u0947 \u0939\u0948\u0902'],5,6,English,no,1,Male,20,The hit was smooth to go through.,"English, Sindhi",Yes,2,Windows,900,1600,Chrome,3O2Y2UIUCQ2WQKW6R9081C3453MKFZ,37V5OWJ68WXGWF9X6GMUIECYCW6LVL,Language study,A 10-minute language study for non-native English speakers,language research tuebingen fun cognitive science university,$0.50,Do Jul 06 21:03:03 MESZ 2017,9,0,0,0,Reviewable,NotReviewed,1 cond,1800,30000,Sa Aug 05 21:03:03 MESZ 2017,https://requester.mturk.com/mturk/manageHIT?HITId=3O2Y2UIUCQ2WQKW6R9081C3453MKFZ,3H8DHMCCWAJ2FKG4Q5AK1WW3XWKKDU,7,Submitted,Fr Jul 07 06:17:54 MESZ 2017,Do Jul 06 21:38:34 MESZ 2017,Do Jul 06 21:57:54 MESZ 2017,,,,,,{},19.20985,[],"{""country_of_birth"":""India"",""country_of_residence"":""India"",""native_language"":""Hindi"",""father_country_of_birth"":""India"",""mother_country_of_birth"":""India"",""childhood_language"":""Hindi"",""preferred_language"":""Hindi""}"
7,23527,white,black,100,most,[u'@\u091c\u094d\u092f\u093e\u0926\u093e\u0924\u0930@ \u092c\u093f\u0902\u0926\u0941 \u0915\u093e\u0932\u0947 \u0939\u0948\u0902'],75,7,English,no,1,Male,20,The hit was smooth to go through.,"English, Sindhi",Yes,2,Windows,900,1600,Chrome,3O2Y2UIUCQ2WQKW6R9081C3453MKFZ,37V5OWJ68WXGWF9X6GMUIECYCW6LVL,Language study,A 10-minute language study for non-native English speakers,language research tuebingen fun cognitive science university,$0.50,Do Jul 06 21:03:03 MESZ 2017,9,0,0,0,Reviewable,NotReviewed,1 cond,1800,30000,Sa Aug 05 21:03:03 MESZ 2017,https://requester.mturk.com/mturk/manageHIT?HITId=3O2Y2UIUCQ2WQKW6R9081C3453MKFZ,3H8DHMCCWAJ2FKG4Q5AK1WW3XWKKDU,7,Submitted,Fr Jul 07 06:17:54 MESZ 2017,Do Jul 06 21:38:34 MESZ 2017,Do Jul 06 21:57:54 MESZ 2017,,,,,,{},19.20985,[],"{""country_of_birth"":""India"",""country_of_residence"":""India"",""native_language"":""Hindi"",""father_country_of_birth"":""India"",""mother_country_of_birth"":""India"",""childhood_language"":""Hindi"",""preferred_language"":""Hindi""}"
7,175415,white,black,10,none,[u'@\u0915\u094b\u0908 \u092d\u0940 \u0928\u0939\u0940\u0902@ \u0939\u0948 \u0915\u093e\u0932\u0947 \u092c\u093f\u0902\u0926\u0941'],0,8,English,no,1,Male,20,The hit was smooth to go through.,"English, Sindhi",Yes,2,Windows,900,1600,Chrome,3O2Y2UIUCQ2WQKW6R9081C3453MKFZ,37V5OWJ68WXGWF9X6GMUIECYCW6LVL,Language study,A 10-minute language study for non-native English speakers,language research tuebingen fun cognitive science university,$0.50,Do Jul 06 21:03:03 MESZ 2017,9,0,0,0,Reviewable,NotReviewed,1 cond,1800,30000,Sa Aug 05 21:03:03 MESZ 2017,https://requester.mturk.com/mturk/manageHIT?HITId=3O2Y2UIUCQ2WQKW6R9081C3453MKFZ,3H8DHMCCWAJ2FKG4Q5AK1WW3XWKKDU,7,Submitted,Fr Jul 07 06:17:54 MESZ 2017,Do Jul 06 21:38:34 MESZ 2017,Do Jul 06 21:57:54 MESZ 2017,,,,,,{},19.20985,[],"{""country_of_birth"":""India"",""country_of_residence"":""India"",""native_language"":""Hindi"",""father_country_of_birth"":""India"",""mother_country_of_birth"":""India"",""childhood_language"":""Hindi"",""preferred_language"":""Hindi""}"
7,25200,black,white,100,many,[u'@\u092c\u0939\u0941\u0924 \u0938\u093e\u0930\u0947@ \u092c\u093f\u0902\u0926\u0941 \u0938\u092b\u0947\u0926 \u0939\u0948'],65,9,English,no,1,Male,20,The hit was smooth to go through.,"English, Sindhi",Yes,2,Windows,900,1600,Chrome,3O2Y2UIUCQ2WQKW6R9081C3453MKFZ,37V5OWJ68WXGWF9X6GMUIECYCW6LVL,Language study,A 10-minute language study for non-native English speakers,language research tuebingen fun cognitive science university,$0.50,Do Jul 06 21:03:03 MESZ 2017,9,0,0,0,Reviewable,NotReviewed,1 cond,1800,30000,Sa Aug 05 21:03:03 MESZ 2017,https://requester.mturk.com/mturk/manageHIT?HITId=3O2Y2UIUCQ2WQKW6R9081C3453MKFZ,3H8DHMCCWAJ2FKG4Q5AK1WW3XWKKDU,7,Submitted,Fr Jul 07 06:17:54 MESZ 2017,Do Jul 06 21:38:34 MESZ 2017,Do Jul 06 21:57:54 MESZ 2017,,,,,,{},19.20985,[],"{""country_of_birth"":""India"",""country_of_residence"":""India"",""native_language"":""Hindi"",""father_country_of_birth"":""India"",""mother_country_of_birth"":""India"",""childhood_language"":""Hindi"",""preferred_language"":""Hindi""}"
7,21936,white,black,100,some,[u'@\u0915\u0941\u091b@ \u092c\u093f\u0902\u0926\u0941 \u0915\u093e\u0932\u0947 \u0939\u0948\u0902'],25,10,English,no,1,Male,20,The hit was smooth to go through.,"English, Sindhi",Yes,2,Windows,900,1600,Chrome,3O2Y2UIUCQ2WQKW6R9081C3453MKFZ,37V5OWJ68WXGWF9X6GMUIECYCW6LVL,Language study,A 10-minute language study for non-native English speakers,language research tuebingen fun cognitive science university,$0.50,Do Jul 06 21:03:03 MESZ 2017,9,0,0,0,Reviewable,NotReviewed,1 cond,1800,30000,Sa Aug 05 21:03:03 MESZ 2017,https://requester.mturk.com/mturk/manageHIT?HITId=3O2Y2UIUCQ2WQKW6R9081C3453MKFZ,3H8DHMCCWAJ2FKG4Q5AK1WW3XWKKDU,7,Submitted,Fr Jul 07 06:17:54 MESZ 2017,Do Jul 06 21:38:34 MESZ 2017,Do Jul 06 21:57:54 MESZ 2017,,,,,,{},19.20985,[],"{""country_of_birth"":""India"",""country_of_residence"":""India"",""native_language"":""Hindi"",""father_country_of_birth"":""India"",""mother_country_of_birth"":""India"",""childhood_language"":""Hindi"",""preferred_language"":""Hindi""}"
7,40993,black,white,10,a few,[u'@\u0915\u0941\u091b@ \u092c\u093f\u0902\u0926\u0941 \u0938\u092b\u0947\u0926 \u0939\u0948'],3,11,English,no,1,Male,20,The hit was smooth to go through.,"English, Sindhi",Yes,2,Windows,900,1600,Chrome,3O2Y2UIUCQ2WQKW6R9081C3453MKFZ,37V5OWJ68WXGWF9X6GMUIECYCW6LVL,Language study,A 10-minute language study for non-native English speakers,language research tuebingen fun cognitive science university,$0.50,Do Jul 06 21:03:03 MESZ 2017,9,0,0,0,Reviewable,NotReviewed,1 cond,1800,30000,Sa Aug 05 21:03:03 MESZ 2017,https://requester.mturk.com/mturk/manageHIT?HITId=3O2Y2UIUCQ2WQKW6R9081C3453MKFZ,3H8DHMCCWAJ2FKG4Q5AK1WW3XWKKDU,7,Submitted,Fr Jul 07 06:17:54 MESZ 2017,Do Jul 06 21:38:34 MESZ 2017,Do Jul 06 21:57:54 MESZ 2017,,,,,,{},19.20985,[],"{""country_of_birth"":""India"",""country_of_residence"":""India"",""native_language"":""Hindi"",""father_country_of_birth"":""India"",""mother_country_of_birth"":""India"",""childhood_language"":""Hindi"",""preferred_language"":""Hindi""}"
7,20560,white,black,100,almost all,[u'@\u0932\u0917\u092d\u0917 \u0938\u093e\u0930\u0947@ \u092c\u093f\u0902\u0926\u0941 \u0915\u093e\u0932\u0947 \u0939\u0948\u0902'],90,12,English,no,1,Male,20,The hit was smooth to go through.,"English, Sindhi",Yes,2,Windows,900,1600,Chrome,3O2Y2UIUCQ2WQKW6R9081C3453MKFZ,37V5OWJ68WXGWF9X6GMUIECYCW6LVL,Language study,A 10-minute language study for non-native English speakers,language research tuebingen fun cognitive science university,$0.50,Do Jul 06 21:03:03 MESZ 2017,9,0,0,0,Reviewable,NotReviewed,1 cond,1800,30000,Sa Aug 05 21:03:03 MESZ 2017,https://requester.mturk.com/mturk/manageHIT?HITId=3O2Y2UIUCQ2WQKW6R9081C3453MKFZ,3H8DHMCCWAJ2FKG4Q5AK1WW3XWKKDU,7,Submitted,Fr Jul 07 06:17:54 MESZ 2017,Do Jul 06 21:38:34 MESZ 2017,Do Jul 06 21:57:54 MESZ 2017,,,,,,{},19.20985,[],"{""country_of_birth"":""India"",""country_of_residence"":""India"",""native_language"":""Hindi"",""father_country_of_birth"":""India"",""mother_country_of_birth"":""India"",""childhood_language"":""Hindi"",""preferred_language"":""Hindi""}"
7,43343,white,black,25,less than half,[u'@\u0906\u0927\u0947 \u0938\u0947 \u0915\u092e@ \u092c\u093f\u0902\u0926\u0941 \u0915\u093e\u0932\u0947 \u0939\u0948\u0902'],8,13,English,no,1,Male,20,The hit was smooth to go through.,"English, Sindhi",Yes,2,Windows,900,1600,Chrome,3O2Y2UIUCQ2WQKW6R9081C3453MKFZ,37V5OWJ68WXGWF9X6GMUIECYCW6LVL,Language study,A 10-minute language study for non-native English speakers,language research tuebingen fun cognitive science university,$0.50,Do Jul 06 21:03:03 MESZ 2017,9,0,0,0,Reviewable,NotReviewed,1 cond,1800,30000,Sa Aug 05 21:03:03 MESZ 2017,https://requester.mturk.com/mturk/manageHIT?HITId=3O2Y2UIUCQ2WQKW6R9081C3453MKFZ,3H8DHMCCWAJ2FKG4Q5AK1WW3XWKKDU,7,Submitted,Fr Jul 07 06:17:54 MESZ 2017,Do Jul 06 21:38:34 MESZ 2017,Do Jul 06 21:57:54 MESZ 2017,,,,,,{},19.20985,[],"{""country_of_birth"":""India"",""country_of_residence"":""India"",""native_language"":""Hindi"",""father_country_of_birth"":""India"",""mother_country_of_birth"":""India"",""childhood_language"":""Hindi"",""preferred_language"":""Hindi""}"
7,20328,white,black,100,all,[u'@\u0938\u093e\u0930\u0947 \u092c\u093f\u0902\u0926\u0941@ \u0915\u093e\u0932\u0947 \u0939\u0948\u0902'],100,14,English,no,1,Male,20,The hit was smooth to go through.,"English, Sindhi",Yes,2,Windows,900,1600,Chrome,3O2Y2UIUCQ2WQKW6R9081C3453MKFZ,37V5OWJ68WXGWF9X6GMUIECYCW6LVL,Language study,A 10-minute language study for non-native English speakers,language research tuebingen fun cognitive science university,$0.50,Do Jul 06 21:03:03 MESZ 2017,9,0,0,0,Reviewable,NotReviewed,1 cond,1800,30000,Sa Aug 05 21:03:03 MESZ 2017,https://requester.mturk.com/mturk/manageHIT?HITId=3O2Y2UIUCQ2WQKW6R9081C3453MKFZ,3H8DHMCCWAJ2FKG4Q5AK1WW3XWKKDU,7,Submitted,Fr Jul 07 06:17:54 MESZ 2017,Do Jul 06 21:38:34 MESZ 2017,Do Jul 06 21:57:54 MESZ 2017,,,,,,{},19.20985,[],"{""country_of_birth"":""India"",""country_of_residence"":""India"",""native_language"":""Hindi"",""father_country_of_birth"":""India"",""mother_country_of_birth"":""India"",""childhood_language"":""Hindi"",""preferred_language"":""Hindi""}"
8,44188,white,black,10,a few,"[u'@a few @of the dots are black', u'@most @of the dots are white']",3,5,,no,1,Female,50,",",,Yes,4,Windows,900,1600,Chrome,3O2Y2UIUCQ2WQKW6R9081C3453MKFZ,37V5OWJ68WXGWF9X6GMUIECYCW6LVL,Language study,A 10-minute language study for non-native English speakers,language research tuebingen fun cognitive science university,$0.50,Do Jul 06 21:03:03 MESZ 2017,9,0,0,0,Reviewable,NotReviewed,1 cond,1800,30000,Sa Aug 05 21:03:03 MESZ 2017,https://requester.mturk.com/mturk/manageHIT?HITId=3O2Y2UIUCQ2WQKW6R9081C3453MKFZ,3FUI0JHJPY6Y1U60CAC971TPVYB338,8,Submitted,Fr Jul 07 06:41:54 MESZ 2017,Do Jul 06 22:00:00 MESZ 2017,Do Jul 06 22:21:54 MESZ 2017,,,,,,{},21.81815,[],"{""country_of_birth"":""usa"",""country_of_residence"":""usa"",""native_language"":""english"",""father_country_of_birth"":""usa"",""mother_country_of_birth"":""usa"",""childhood_language"":""english"",""preferred_language"":""english""}"
8,245697,white,black,10,none,[u'@all @off the dot'],0,6,,no,1,Female,50,",",,Yes,4,Windows,900,1600,Chrome,3O2Y2UIUCQ2WQKW6R9081C3453MKFZ,37V5OWJ68WXGWF9X6GMUIECYCW6LVL,Language study,A 10-minute language study for non-native English speakers,language research tuebingen fun cognitive science university,$0.50,Do Jul 06 21:03:03 MESZ 2017,9,0,0,0,Reviewable,NotReviewed,1 cond,1800,30000,Sa Aug 05 21:03:03 MESZ 2017,https://requester.mturk.com/mturk/manageHIT?HITId=3O2Y2UIUCQ2WQKW6R9081C3453MKFZ,3FUI0JHJPY6Y1U60CAC971TPVYB338,8,Submitted,Fr Jul 07 06:41:54 MESZ 2017,Do Jul 06 22:00:00 MESZ 2017,Do Jul 06 22:21:54 MESZ 2017,,,,,,{},21.81815,[],"{""country_of_birth"":""usa"",""country_of_residence"":""usa"",""native_language"":""english"",""father_country_of_birth"":""usa"",""mother_country_of_birth"":""usa"",""childhood_language"":""english"",""preferred_language"":""english""}"
8,18314,black,white,100,all,[u'@none @of the dots are black'],100,7,,no,1,Female,50,",",,Yes,4,Windows,900,1600,Chrome,3O2Y2UIUCQ2WQKW6R9081C3453MKFZ,37V5OWJ68WXGWF9X6GMUIECYCW6LVL,Language study,A 10-minute language study for non-native English speakers,language research tuebingen fun cognitive science university,$0.50,Do Jul 06 21:03:03 MESZ 2017,9,0,0,0,Reviewable,NotReviewed,1 cond,1800,30000,Sa Aug 05 21:03:03 MESZ 2017,https://requester.mturk.com/mturk/manageHIT?HITId=3O2Y2UIUCQ2WQKW6R9081C3453MKFZ,3FUI0JHJPY6Y1U60CAC971TPVYB338,8,Submitted,Fr Jul 07 06:41:54 MESZ 2017,Do Jul 06 22:00:00 MESZ 2017,Do Jul 06 22:21:54 MESZ 2017,,,,,,{},21.81815,[],"{""country_of_birth"":""usa"",""country_of_residence"":""usa"",""native_language"":""english"",""father_country_of_birth"":""usa"",""mother_country_of_birth"":""usa"",""childhood_language"":""english"",""preferred_language"":""english""}"
8,60871,white,black,100,almost all,[u'@a few @of the dots are white'],90,8,,no,1,Female,50,",",,Yes,4,Windows,900,1600,Chrome,3O2Y2UIUCQ2WQKW6R9081C3453MKFZ,37V5OWJ68WXGWF9X6GMUIECYCW6LVL,Language study,A 10-minute language study for non-native English speakers,language research tuebingen fun cognitive science university,$0.50,Do Jul 06 21:03:03 MESZ 2017,9,0,0,0,Reviewable,NotReviewed,1 cond,1800,30000,Sa Aug 05 21:03:03 MESZ 2017,https://requester.mturk.com/mturk/manageHIT?HITId=3O2Y2UIUCQ2WQKW6R9081C3453MKFZ,3FUI0JHJPY6Y1U60CAC971TPVYB338,8,Submitted,Fr Jul 07 06:41:54 MESZ 2017,Do Jul 06 22:00:00 MESZ 2017,Do Jul 06 22:21:54 MESZ 2017,,,,,,{},21.81815,[],"{""country_of_birth"":""usa"",""country_of_residence"":""usa"",""native_language"":""english"",""father_country_of_birth"":""usa"",""mother_country_of_birth"":""usa"",""childhood_language"":""english"",""preferred_language"":""english""}"
8,212566,black,white,100,most,[u'@some @of the dots are white'],75,9,,no,1,Female,50,",",,Yes,4,Windows,900,1600,Chrome,3O2Y2UIUCQ2WQKW6R9081C3453MKFZ,37V5OWJ68WXGWF9X6GMUIECYCW6LVL,Language study,A 10-minute language study for non-native English speakers,language research tuebingen fun cognitive science university,$0.50,Do Jul 06 21:03:03 MESZ 2017,9,0,0,0,Reviewable,NotReviewed,1 cond,1800,30000,Sa Aug 05 21:03:03 MESZ 2017,https://requester.mturk.com/mturk/manageHIT?HITId=3O2Y2UIUCQ2WQKW6R9081C3453MKFZ,3FUI0JHJPY6Y1U60CAC971TPVYB338,8,Submitted,Fr Jul 07 06:41:54 MESZ 2017,Do Jul 06 22:00:00 MESZ 2017,Do Jul 06 22:21:54 MESZ 2017,,,,,,{},21.81815,[],"{""country_of_birth"":""usa"",""country_of_residence"":""usa"",""native_language"":""english"",""father_country_of_birth"":""usa"",""mother_country_of_birth"":""usa"",""childhood_language"":""english"",""preferred_language"":""english""}"
8,20895,white,black,10,half,[u'@half @of the dots are white'],5,10,,no,1,Female,50,",",,Yes,4,Windows,900,1600,Chrome,3O2Y2UIUCQ2WQKW6R9081C3453MKFZ,37V5OWJ68WXGWF9X6GMUIECYCW6LVL,Language study,A 10-minute language study for non-native English speakers,language research tuebingen fun cognitive science university,$0.50,Do Jul 06 21:03:03 MESZ 2017,9,0,0,0,Reviewable,NotReviewed,1 cond,1800,30000,Sa Aug 05 21:03:03 MESZ 2017,https://requester.mturk.com/mturk/manageHIT?HITId=3O2Y2UIUCQ2WQKW6R9081C3453MKFZ,3FUI0JHJPY6Y1U60CAC971TPVYB338,8,Submitted,Fr Jul 07 06:41:54 MESZ 2017,Do Jul 06 22:00:00 MESZ 2017,Do Jul 06 22:21:54 MESZ 2017,,,,,,{},21.81815,[],"{""country_of_birth"":""usa"",""country_of_residence"":""usa"",""native_language"":""english"",""father_country_of_birth"":""usa"",""mother_country_of_birth"":""usa"",""childhood_language"":""english"",""preferred_language"":""english""}"
8,6062,white,black,100,many,[u'@some @of the dots are white'],65,11,,no,1,Female,50,",",,Yes,4,Windows,900,1600,Chrome,3O2Y2UIUCQ2WQKW6R9081C3453MKFZ,37V5OWJ68WXGWF9X6GMUIECYCW6LVL,Language study,A 10-minute language study for non-native English speakers,language research tuebingen fun cognitive science university,$0.50,Do Jul 06 21:03:03 MESZ 2017,9,0,0,0,Reviewable,NotReviewed,1 cond,1800,30000,Sa Aug 05 21:03:03 MESZ 2017,https://requester.mturk.com/mturk/manageHIT?HITId=3O2Y2UIUCQ2WQKW6R9081C3453MKFZ,3FUI0JHJPY6Y1U60CAC971TPVYB338,8,Submitted,Fr Jul 07 06:41:54 MESZ 2017,Do Jul 06 22:00:00 MESZ 2017,Do Jul 06 22:21:54 MESZ 2017,,,,,,{},21.81815,[],"{""country_of_birth"":""usa"",""country_of_residence"":""usa"",""native_language"":""english"",""father_country_of_birth"":""usa"",""mother_country_of_birth"":""usa"",""childhood_language"":""english"",""preferred_language"":""english""}"
8,15214,white,black,25,less than half,[u'@most @of the dots are white'],8,12,,no,1,Female,50,",",,Yes,4,Windows,900,1600,Chrome,3O2Y2UIUCQ2WQKW6R9081C3453MKFZ,37V5OWJ68WXGWF9X6GMUIECYCW6LVL,Language study,A 10-minute language study for non-native English speakers,language research tuebingen fun cognitive science university,$0.50,Do Jul 06 21:03:03 MESZ 2017,9,0,0,0,Reviewable,NotReviewed,1 cond,1800,30000,Sa Aug 05 21:03:03 MESZ 2017,https://requester.mturk.com/mturk/manageHIT?HITId=3O2Y2UIUCQ2WQKW6R9081C3453MKFZ,3FUI0JHJPY6Y1U60CAC971TPVYB338,8,Submitted,Fr Jul 07 06:41:54 MESZ 2017,Do Jul 06 22:00:00 MESZ 2017,Do Jul 06 22:21:54 MESZ 2017,,,,,,{},21.81815,[],"{""country_of_birth"":""usa"",""country_of_residence"":""usa"",""native_language"":""english"",""father_country_of_birth"":""usa"",""mother_country_of_birth"":""usa"",""childhood_language"":""english"",""preferred_language"":""english""}"
8,209592,black,white,10,two,[u'@few @of the dots are white'],2,13,,no,1,Female,50,",",,Yes,4,Windows,900,1600,Chrome,3O2Y2UIUCQ2WQKW6R9081C3453MKFZ,37V5OWJ68WXGWF9X6GMUIECYCW6LVL,Language study,A 10-minute language study for non-native English speakers,language research tuebingen fun cognitive science university,$0.50,Do Jul 06 21:03:03 MESZ 2017,9,0,0,0,Reviewable,NotReviewed,1 cond,1800,30000,Sa Aug 05 21:03:03 MESZ 2017,https://requester.mturk.com/mturk/manageHIT?HITId=3O2Y2UIUCQ2WQKW6R9081C3453MKFZ,3FUI0JHJPY6Y1U60CAC971TPVYB338,8,Submitted,Fr Jul 07 06:41:54 MESZ 2017,Do Jul 06 22:00:00 MESZ 2017,Do Jul 06 22:21:54 MESZ 2017,,,,,,{},21.81815,[],"{""country_of_birth"":""usa"",""country_of_residence"":""usa"",""native_language"":""english"",""father_country_of_birth"":""usa"",""mother_country_of_birth"":""usa"",""childhood_language"":""english"",""preferred_language"":""english""}"
8,14886,black,white,100,some,[u'@many @of the dots are black'],25,14,,no,1,Female,50,",",,Yes,4,Windows,900,1600,Chrome,3O2Y2UIUCQ2WQKW6R9081C3453MKFZ,37V5OWJ68WXGWF9X6GMUIECYCW6LVL,Language study,A 10-minute language study for non-native English speakers,language research tuebingen fun cognitive science university,$0.50,Do Jul 06 21:03:03 MESZ 2017,9,0,0,0,Reviewable,NotReviewed,1 cond,1800,30000,Sa Aug 05 21:03:03 MESZ 2017,https://requester.mturk.com/mturk/manageHIT?HITId=3O2Y2UIUCQ2WQKW6R9081C3453MKFZ,3FUI0JHJPY6Y1U60CAC971TPVYB338,8,Submitted,Fr Jul 07 06:41:54 MESZ 2017,Do Jul 06 22:00:00 MESZ 2017,Do Jul 06 22:21:54 MESZ 2017,,,,,,{},21.81815,[],"{""country_of_birth"":""usa"",""country_of_residence"":""usa"",""native_language"":""english"",""father_country_of_birth"":""usa"",""mother_country_of_birth"":""usa"",""childhood_language"":""english"",""preferred_language"":""english""}"
